{
	"start":	{
		"connected":	[{
				"socket":	5,
				"local_host":	"127.0.0.1",
				"local_port":	37582,
				"remote_host":	"127.0.0.1",
				"remote_port":	3001
			}],
		"version":	"iperf 3.20",
		"system_info":	"Linux carbon 6.19.9-arch1-1 #1 SMP PREEMPT_DYNAMIC Thu, 19 Mar 2026 16:33:17 +0000 x86_64",
		"timestamp":	{
			"time":	"Fri, 03 Apr 2026 01:00:27 GMT",
			"timesecs":	1775178027,
			"timemillisecs":	1775178027951
		},
		"connecting_to":	{
			"host":	"127.0.0.1",
			"port":	3001
		},
		"cookie":	"k5eddksqxt6prmipglhtrtn25xe53frzvb3y",
		"tcp_mss_default":	32768,
		"target_bitrate":	0,
		"fq_rate":	0,
		"sock_bufsize":	0,
		"sndbuf_actual":	16384,
		"rcvbuf_actual":	131072,
		"test_start":	{
			"protocol":	"TCP",
			"num_streams":	1,
			"blksize":	131072,
			"omit":	0,
			"duration":	10,
			"bytes":	0,
			"blocks":	0,
			"reverse":	0,
			"tos":	0,
			"target_bitrate":	0,
			"bidir":	0,
			"fqrate":	0,
			"interval":	1
		}
	},
	"intervals":	[{
			"streams":	[{
					"socket":	5,
					"start":	0,
					"end":	1.001021,
					"seconds":	1.0010210275650024,
					"bytes":	5310906368,
					"bits_per_second":	42443914537.290817,
					"retransmits":	0,
					"snd_cwnd":	1047728,
					"snd_wnd":	815104,
					"rtt":	34,
					"rttvar":	0,
					"pmtu":	65535,
					"reorder":	0,
					"omitted":	false,
					"sender":	true
				}],
			"sum":	{
				"start":	0,
				"end":	1.001021,
				"seconds":	1.0010210275650024,
				"bytes":	5310906368,
				"bits_per_second":	42443914537.290817,
				"retransmits":	0,
				"omitted":	false,
				"sender":	true
			}
		}, {
			"streams":	[{
					"socket":	5,
					"start":	1.001021,
					"end":	2.001046,
					"seconds":	1.0000250339508057,
					"bytes":	5653528576,
					"bits_per_second":	45227096395.093765,
					"retransmits":	0,
					"snd_cwnd":	1047728,
					"snd_wnd":	815104,
					"rtt":	34,
					"rttvar":	0,
					"pmtu":	65535,
					"reorder":	0,
					"omitted":	false,
					"sender":	true
				}],
			"sum":	{
				"start":	1.001021,
				"end":	2.001046,
				"seconds":	1.0000250339508057,
				"bytes":	5653528576,
				"bits_per_second":	45227096395.093765,
				"retransmits":	0,
				"omitted":	false,
				"sender":	true
			}
		}, {
			"streams":	[{
					"socket":	5,
					"start":	2.001046,
					"end":	3.000553,
					"seconds":	0.99950700998306274,
					"bytes":	5584453632,
					"bits_per_second":	44697664558.4077,
					"retransmits":	0,
					"snd_cwnd":	1047728,
					"snd_wnd":	815104,
					"rtt":	33,
					"rttvar":	0,
					"pmtu":	65535,
					"reorder":	0,
					"omitted":	false,
					"sender":	true
				}],
			"sum":	{
				"start":	2.001046,
				"end":	3.000553,
				"seconds":	0.99950700998306274,
				"bytes":	5584453632,
				"bits_per_second":	44697664558.4077,
				"retransmits":	0,
				"omitted":	false,
				"sender":	true
			}
		}, {
			"streams":	[{
					"socket":	5,
					"start":	3.000553,
					"end":	4.001018,
					"seconds":	1.0004650354385376,
					"bytes":	5774245888,
					"bits_per_second":	46172495257.4196,
					"retransmits":	0,
					"snd_cwnd":	1047728,
					"snd_wnd":	815104,
					"rtt":	35,
					"rttvar":	0,
					"pmtu":	65535,
					"reorder":	0,
					"omitted":	false,
					"sender":	true
				}],
			"sum":	{
				"start":	3.000553,
				"end":	4.001018,
				"seconds":	1.0004650354385376,
				"bytes":	5774245888,
				"bits_per_second":	46172495257.4196,
				"retransmits":	0,
				"omitted":	false,
				"sender":	true
			}
		}, {
			"streams":	[{
					"socket":	5,
					"start":	4.001018,
					"end":	5.000509,
					"seconds":	0.999490976333618,
					"bytes":	5843582976,
					"bits_per_second":	46772472103.235733,
					"retransmits":	0,
					"snd_cwnd":	1047728,
					"snd_wnd":	815104,
					"rtt":	35,
					"rttvar":	1,
					"pmtu":	65535,
					"reorder":	0,
					"omitted":	false,
					"sender":	true
				}],
			"sum":	{
				"start":	4.001018,
				"end":	5.000509,
				"seconds":	0.999490976333618,
				"bytes":	5843582976,
				"bits_per_second":	46772472103.235733,
				"retransmits":	0,
				"omitted":	false,
				"sender":	true
			}
		}, {
			"streams":	[{
					"socket":	5,
					"start":	5.000509,
					"end":	6.001039,
					"seconds":	1.0005300045013428,
					"bytes":	5804392448,
					"bits_per_second":	46410541787.942635,
					"retransmits":	0,
					"snd_cwnd":	1047728,
					"snd_wnd":	815104,
					"rtt":	35,
					"rttvar":	0,
					"pmtu":	65535,
					"reorder":	0,
					"omitted":	false,
					"sender":	true
				}],
			"sum":	{
				"start":	5.000509,
				"end":	6.001039,
				"seconds":	1.0005300045013428,
				"bytes":	5804392448,
				"bits_per_second":	46410541787.942635,
				"retransmits":	0,
				"omitted":	false,
				"sender":	true
			}
		}, {
			"streams":	[{
					"socket":	5,
					"start":	6.001039,
					"end":	7.000966,
					"seconds":	0.99992698431015,
					"bytes":	5590745088,
					"bits_per_second":	44729226639.339523,
					"retransmits":	0,
					"snd_cwnd":	1047728,
					"snd_wnd":	815104,
					"rtt":	36,
					"rttvar":	1,
					"pmtu":	65535,
					"reorder":	0,
					"omitted":	false,
					"sender":	true
				}],
			"sum":	{
				"start":	6.001039,
				"end":	7.000966,
				"seconds":	0.99992698431015,
				"bytes":	5590745088,
				"bits_per_second":	44729226639.339523,
				"retransmits":	0,
				"omitted":	false,
				"sender":	true
			}
		}, {
			"streams":	[{
					"socket":	5,
					"start":	7.000966,
					"end":	8.000544,
					"seconds":	0.99957799911499023,
					"bytes":	5473042432,
					"bits_per_second":	43802824286.614876,
					"retransmits":	0,
					"snd_cwnd":	1047728,
					"snd_wnd":	815104,
					"rtt":	39,
					"rttvar":	1,
					"pmtu":	65535,
					"reorder":	0,
					"omitted":	false,
					"sender":	true
				}],
			"sum":	{
				"start":	7.000966,
				"end":	8.000544,
				"seconds":	0.99957799911499023,
				"bytes":	5473042432,
				"bits_per_second":	43802824286.614876,
				"retransmits":	0,
				"omitted":	false,
				"sender":	true
			}
		}, {
			"streams":	[{
					"socket":	5,
					"start":	8.000544,
					"end":	9.001032,
					"seconds":	1.0004880428314209,
					"bytes":	4847042560,
					"bits_per_second":	38757425196.468529,
					"retransmits":	0,
					"snd_cwnd":	1047728,
					"snd_wnd":	815104,
					"rtt":	40,
					"rttvar":	0,
					"pmtu":	65535,
					"reorder":	0,
					"omitted":	false,
					"sender":	true
				}],
			"sum":	{
				"start":	8.000544,
				"end":	9.001032,
				"seconds":	1.0004880428314209,
				"bytes":	4847042560,
				"bits_per_second":	38757425196.468529,
				"retransmits":	0,
				"omitted":	false,
				"sender":	true
			}
		}, {
			"streams":	[{
					"socket":	5,
					"start":	9.001032,
					"end":	10.001292,
					"seconds":	1.00025999546051,
					"bytes":	5020844032,
					"bits_per_second":	40156311797.221886,
					"retransmits":	0,
					"snd_cwnd":	1047728,
					"snd_wnd":	815104,
					"rtt":	36,
					"rttvar":	1,
					"pmtu":	65535,
					"reorder":	0,
					"omitted":	false,
					"sender":	true
				}],
			"sum":	{
				"start":	9.001032,
				"end":	10.001292,
				"seconds":	1.00025999546051,
				"bytes":	5020844032,
				"bits_per_second":	40156311797.221886,
				"retransmits":	0,
				"omitted":	false,
				"sender":	true
			}
		}],
	"end":	{
		"streams":	[{
				"sender":	{
					"socket":	5,
					"start":	0,
					"end":	10.001292,
					"seconds":	10.001292,
					"bytes":	56526110720,
					"bits_per_second":	45215046791.954483,
					"retransmits":	0,
					"reorder":	0,
					"max_snd_cwnd":	1047728,
					"max_snd_wnd":	815104,
					"max_rtt":	40,
					"min_rtt":	33,
					"mean_rtt":	35,
					"sender":	true
				},
				"receiver":	{
					"socket":	5,
					"start":	0,
					"end":	10.001405,
					"seconds":	10.001292,
					"bytes":	56526110720,
					"bits_per_second":	45214535933.701317,
					"sender":	true
				}
			}],
		"sum_sent":	{
			"start":	0,
			"end":	10.001292,
			"seconds":	10.001292,
			"bytes":	56526110720,
			"bits_per_second":	45215046791.954483,
			"retransmits":	0,
			"sender":	true
		},
		"sum_received":	{
			"start":	0,
			"end":	10.001405,
			"seconds":	10.001405,