{
	"start":	{
		"connected":	[{
				"socket":	5,
				"local_host":	"127.0.0.1",
				"local_port":	37532,
				"remote_host":	"127.0.0.1",
				"remote_port":	8080
			}],
		"version":	"iperf 3.20",
		"system_info":	"Linux carbon 6.19.9-arch1-1 #1 SMP PREEMPT_DYNAMIC Thu, 19 Mar 2026 16:33:17 +0000 x86_64",
		"timestamp":	{
			"time":	"Fri, 03 Apr 2026 01:00:49 GMT",
			"timesecs":	1775178049,
			"timemillisecs":	1775178049281
		},
		"connecting_to":	{
			"host":	"127.0.0.1",
			"port":	8080
		},
		"cookie":	"bl6kw7bt3nqrjje2jjoley4fbye2j5fghi35",
		"tcp_mss_default":	32768,
		"target_bitrate":	0,
		"fq_rate":	0,
		"sock_bufsize":	0,
		"sndbuf_actual":	16384,
		"rcvbuf_actual":	131072,
		"test_start":	{
			"protocol":	"TCP",
			"num_streams":	1,
			"blksize":	131072,
			"omit":	0,
			"duration":	10,
			"bytes":	0,
			"blocks":	0,
			"reverse":	0,
			"tos":	0,
			"target_bitrate":	0,
			"bidir":	0,
			"fqrate":	0,
			"interval":	1
		}
	},
	"intervals":	[{
			"streams":	[{
					"socket":	5,
					"start":	0,
					"end":	1.000952,
					"seconds":	1.0009520053863525,
					"bytes":	3426615296,
					"bits_per_second":	27386849939.342518,
					"retransmits":	0,
					"snd_cwnd":	1047728,
					"snd_wnd":	21504,
					"rtt":	57,
					"rttvar":	32,
					"pmtu":	65535,
					"reorder":	0,
					"omitted":	false,
					"sender":	true
				}],
			"sum":	{
				"start":	0,
				"end":	1.000952,
				"seconds":	1.0009520053863525,
				"bytes":	3426615296,
				"bits_per_second":	27386849939.342518,
				"retransmits":	0,
				"omitted":	false,
				"sender":	true
			}
		}, {
			"streams":	[{
					"socket":	5,
					"start":	1.000952,
					"end":	2.000959,
					"seconds":	1.0000070333480835,
					"bytes":	3030777856,
					"bits_per_second":	24246052317.0744,
					"retransmits":	0,
					"snd_cwnd":	1047728,
					"snd_wnd":	371712,
					"rtt":	65,
					"rttvar":	12,
					"pmtu":	65535,
					"reorder":	0,
					"omitted":	false,
					"sender":	true
				}],
			"sum":	{
				"start":	1.000952,
				"end":	2.000959,
				"seconds":	1.0000070333480835,
				"bytes":	3030777856,
				"bits_per_second":	24246052317.0744,
				"retransmits":	0,
				"omitted":	false,
				"sender":	true
			}
		}, {
			"streams":	[{
					"socket":	5,
					"start":	2.000959,
					"end":	3.000964,
					"seconds":	1.0000050067901611,
					"bytes":	2999058432,
					"bits_per_second":	23992347331.35144,
					"retransmits":	0,
					"snd_cwnd":	1047728,
					"snd_wnd":	0,
					"rtt":	63,
					"rttvar":	28,
					"pmtu":	65535,
					"reorder":	0,
					"omitted":	false,
					"sender":	true
				}],
			"sum":	{
				"start":	2.000959,
				"end":	3.000964,
				"seconds":	1.0000050067901611,
				"bytes":	2999058432,
				"bits_per_second":	23992347331.35144,
				"retransmits":	0,
				"omitted":	false,
				"sender":	true
			}
		}, {
			"streams":	[{
					"socket":	5,
					"start":	3.000964,
					"end":	4.000957,
					"seconds":	0.99999302625656128,
					"bytes":	3066691584,
					"bits_per_second":	24533703763.75565,
					"retransmits":	0,
					"snd_cwnd":	1047728,
					"snd_wnd":	0,
					"rtt":	50,
					"rttvar":	16,
					"pmtu":	65535,
					"reorder":	0,
					"omitted":	false,
					"sender":	true
				}],
			"sum":	{
				"start":	3.000964,
				"end":	4.000957,
				"seconds":	0.99999302625656128,
				"bytes":	3066691584,
				"bits_per_second":	24533703763.75565,
				"retransmits":	0,
				"omitted":	false,
				"sender":	true
			}
		}, {
			"streams":	[{
					"socket":	5,
					"start":	4.000957,
					"end":	5.000988,
					"seconds":	1.0000309944152832,
					"bytes":	2968387584,
					"bits_per_second":	23746364667.312035,
					"retransmits":	0,
					"snd_cwnd":	1047728,
					"snd_wnd":	370688,
					"rtt":	61,
					"rttvar":	9,
					"pmtu":	65535,
					"reorder":	0,
					"omitted":	false,
					"sender":	true
				}],
			"sum":	{
				"start":	4.000957,
				"end":	5.000988,
				"seconds":	1.0000309944152832,
				"bytes":	2968387584,
				"bits_per_second":	23746364667.312035,
				"retransmits":	0,
				"omitted":	false,
				"sender":	true
			}
		}, {
			"streams":	[{
					"socket":	5,
					"start":	5.000988,
					"end":	6.000954,
					"seconds":	0.999966025352478,
					"bytes":	3050176512,
					"bits_per_second":	24402241153.541939,
					"retransmits":	0,
					"snd_cwnd":	1047728,
					"snd_wnd":	0,
					"rtt":	42,
					"rttvar":	25,
					"pmtu":	65535,
					"reorder":	0,
					"omitted":	false,
					"sender":	true
				}],
			"sum":	{
				"start":	5.000988,
				"end":	6.000954,
				"seconds":	0.999966025352478,
				"bytes":	3050176512,
				"bits_per_second":	24402241153.541939,
				"retransmits":	0,
				"omitted":	false,
				"sender":	true
			}
		}, {
			"streams":	[{
					"socket":	5,
					"start":	6.000954,
					"end":	7.000958,
					"seconds":	1.0000040531158447,
					"bytes":	3126591488,
					"bits_per_second":	25012630524.9109,
					"retransmits":	0,
					"snd_cwnd":	1047728,
					"snd_wnd":	0,
					"rtt":	48,
					"rttvar":	20,
					"pmtu":	65535,
					"reorder":	0,
					"omitted":	false,
					"sender":	true
				}],
			"sum":	{
				"start":	6.000954,
				"end":	7.000958,
				"seconds":	1.0000040531158447,
				"bytes":	3126591488,
				"bits_per_second":	25012630524.9109,
				"retransmits":	0,
				"omitted":	false,
				"sender":	true
			}
		}, {
			"streams":	[{
					"socket":	5,
					"start":	7.000958,
					"end":	8.000951,
					"seconds":	0.99999302625656128,
					"bytes":	3015311360,
					"bits_per_second":	24122659105.235661,
					"retransmits":	0,
					"snd_cwnd":	1047728,
					"snd_wnd":	22528,
					"rtt":	41,
					"rttvar":	23,
					"pmtu":	65535,
					"reorder":	0,
					"omitted":	false,
					"sender":	true
				}],
			"sum":	{
				"start":	7.000958,
				"end":	8.000951,
				"seconds":	0.99999302625656128,
				"bytes":	3015311360,
				"bits_per_second":	24122659105.235661,
				"retransmits":	0,
				"omitted":	false,
				"sender":	true
			}
		}, {
			"streams":	[{
					"socket":	5,
					"start":	8.000951,
					"end":	9.000961,
					"seconds":	1.0000100135803223,
					"bytes":	3005743104,
					"bits_per_second":	24045704048.411106,
					"retransmits":	0,
					"snd_cwnd":	1047728,
					"snd_wnd":	377856,
					"rtt":	50,
					"rttvar":	24,
					"pmtu":	65535,
					"reorder":	0,
					"omitted":	false,
					"sender":	true
				}],
			"sum":	{
				"start":	8.000951,
				"end":	9.000961,
				"seconds":	1.0000100135803223,
				"bytes":	3005743104,
				"bits_per_second":	24045704048.411106,
				"retransmits":	0,
				"omitted":	false,
				"sender":	true
			}
		}, {
			"streams":	[{
					"socket":	5,
					"start":	9.000961,
					"end":	10.001278,
					"seconds":	1.0003169775009155,
					"bytes":	2938896384,
					"bits_per_second":	23503720921.280155,
					"retransmits":	0,
					"snd_cwnd":	1047728,
					"snd_wnd":	399360,
					"rtt":	55,
					"rttvar":	23,
					"pmtu":	65535,
					"reorder":	0,
					"omitted":	false,
					"sender":	true
				}],
			"sum":	{
				"start":	9.000961,
				"end":	10.001278,
				"seconds":	1.0003169775009155,
				"bytes":	2938896384,
				"bits_per_second":	23503720921.280155,
				"retransmits":	0,
				"omitted":	false,
				"sender":	true
			}
		}],
	"end":	{
		"streams":	[{
				"sender":	{
					"socket":	5,
					"start":	0,
					"end":	10.001278,
					"seconds":	10.001278,
					"bytes":	30639390720,
					"bits_per_second":	24508380404.984245,
					"retransmits":	0,
					"reorder":	0,
					"max_snd_cwnd":	1047728,
					"max_snd_wnd":	399360,
					"max_rtt":	65,
					"min_rtt":	41,
					"mean_rtt":	53,
					"sender":	true
				},
				"receiver":	{
					"socket":	5,
					"start":	0,
					"end":	10.001363,
					"seconds":	10.001278,
					"bytes":	30635589632,
					"bits_per_second":	24505131656.155266,
					"sender":	true
				}
			}],
		"sum_sent":	{
			"start":	0,
			"end":	10.001278,
			"seconds":	10.001278,
			"bytes":	30639390720,
			"bits_per_second":	24508380404.984245,
			"retransmits":	0,
			"sender":	true
		},
		"sum_received":	{
			"start":	0,
			"end":	10.001363,
			"seconds":	10.001363,
			"bytes":	30635589632,