{
	"start":	{
		"connected":	[{
				"socket":	5,
				"local_host":	"127.0.0.1",
				"local_port":	35094,
				"remote_host":	"127.0.0.1",
				"remote_port":	8080
			}],
		"version":	"iperf 3.20",
		"system_info":	"Linux carbon 6.19.9-arch1-1 #1 SMP PREEMPT_DYNAMIC Thu, 19 Mar 2026 16:33:17 +0000 x86_64",
		"timestamp":	{
			"time":	"Fri, 03 Apr 2026 01:00:38 GMT",
			"timesecs":	1775178038,
			"timemillisecs":	1775178038462
		},
		"connecting_to":	{
			"host":	"127.0.0.1",
			"port":	8080
		},
		"cookie":	"wvuuyjbnverfmjwoddtlq4xytt5yi7rmt6wv",
		"tcp_mss_default":	32768,
		"target_bitrate":	0,
		"fq_rate":	0,
		"sock_bufsize":	0,
		"sndbuf_actual":	16384,
		"rcvbuf_actual":	131072,
		"test_start":	{
			"protocol":	"TCP",
			"num_streams":	1,
			"blksize":	131072,
			"omit":	0,
			"duration":	10,
			"bytes":	0,
			"blocks":	0,
			"reverse":	0,
			"tos":	0,
			"target_bitrate":	0,
			"bidir":	0,
			"fqrate":	0,
			"interval":	1
		}
	},
	"intervals":	[{
			"streams":	[{
					"socket":	5,
					"start":	0,
					"end":	1.0003,
					"seconds":	1.0003000497817993,
					"bytes":	2988572672,
					"bits_per_second":	23901409763.215851,
					"retransmits":	0,
					"snd_cwnd":	1047728,
					"snd_wnd":	442368,
					"rtt":	49,
					"rttvar":	21,
					"pmtu":	65535,
					"reorder":	0,
					"omitted":	false,
					"sender":	true
				}],
			"sum":	{
				"start":	0,
				"end":	1.0003,
				"seconds":	1.0003000497817993,
				"bytes":	2988572672,
				"bits_per_second":	23901409763.215851,
				"retransmits":	0,
				"omitted":	false,
				"sender":	true
			}
		}, {
			"streams":	[{
					"socket":	5,
					"start":	1.0003,
					"end":	2.001047,
					"seconds":	1.0007469654083252,
					"bytes":	2715942912,
					"bits_per_second":	21711325686.743122,
					"retransmits":	0,
					"snd_cwnd":	1047728,
					"snd_wnd":	43008,
					"rtt":	35,
					"rttvar":	5,
					"pmtu":	65535,
					"reorder":	0,
					"omitted":	false,
					"sender":	true
				}],
			"sum":	{
				"start":	1.0003,
				"end":	2.001047,
				"seconds":	1.0007469654083252,
				"bytes":	2715942912,
				"bits_per_second":	21711325686.743122,
				"retransmits":	0,
				"omitted":	false,
				"sender":	true
			}
		}, {
			"streams":	[{
					"socket":	5,
					"start":	2.001047,
					"end":	3.000254,
					"seconds":	0.9992070198059082,
					"bytes":	2632056832,
					"bits_per_second":	21073165258.676952,
					"retransmits":	0,
					"snd_cwnd":	1047728,
					"snd_wnd":	270336,
					"rtt":	43,
					"rttvar":	7,
					"pmtu":	65535,
					"reorder":	0,
					"omitted":	false,
					"sender":	true
				}],
			"sum":	{
				"start":	2.001047,
				"end":	3.000254,
				"seconds":	0.9992070198059082,
				"bytes":	2632056832,
				"bits_per_second":	21073165258.676952,
				"retransmits":	0,
				"omitted":	false,
				"sender":	true
			}
		}, {
			"streams":	[{
					"socket":	5,
					"start":	3.000254,
					"end":	4.001026,
					"seconds":	1.0007719993591309,
					"bytes":	2661810176,
					"bits_per_second":	21278054763.359135,
					"retransmits":	0,
					"snd_cwnd":	1047728,
					"snd_wnd":	60416,
					"rtt":	38,
					"rttvar":	11,
					"pmtu":	65535,
					"reorder":	0,
					"omitted":	false,
					"sender":	true
				}],
			"sum":	{
				"start":	3.000254,
				"end":	4.001026,
				"seconds":	1.0007719993591309,
				"bytes":	2661810176,
				"bits_per_second":	21278054763.359135,
				"retransmits":	0,
				"omitted":	false,
				"sender":	true
			}
		}, {
			"streams":	[{
					"socket":	5,
					"start":	4.001026,
					"end":	5.000255,
					"seconds":	0.99922901391983032,
					"bytes":	2682912768,
					"bits_per_second":	21479862819.237587,
					"retransmits":	0,
					"snd_cwnd":	1047728,
					"snd_wnd":	442368,
					"rtt":	40,
					"rttvar":	9,
					"pmtu":	65535,
					"reorder":	0,
					"omitted":	false,
					"sender":	true
				}],
			"sum":	{
				"start":	4.001026,
				"end":	5.000255,
				"seconds":	0.99922901391983032,
				"bytes":	2682912768,
				"bits_per_second":	21479862819.237587,
				"retransmits":	0,
				"omitted":	false,
				"sender":	true
			}
		}, {
			"streams":	[{
					"socket":	5,
					"start":	5.000255,
					"end":	6.000261,
					"seconds":	1.0000059604644775,
					"bytes":	2678718464,
					"bits_per_second":	21429619981.511333,
					"retransmits":	0,
					"snd_cwnd":	1047728,
					"snd_wnd":	385024,
					"rtt":	35,
					"rttvar":	6,
					"pmtu":	65535,
					"reorder":	0,
					"omitted":	false,
					"sender":	true
				}],
			"sum":	{
				"start":	5.000255,
				"end":	6.000261,
				"seconds":	1.0000059604644775,
				"bytes":	2678718464,
				"bits_per_second":	21429619981.511333,
				"retransmits":	0,
				"omitted":	false,
				"sender":	true
			}
		}, {
			"streams":	[{
					"socket":	5,
					"start":	6.000261,
					"end":	7.000262,
					"seconds":	1.0000009536743164,
					"bytes":	2649096192,
					"bits_per_second":	21192749325.019276,
					"retransmits":	0,
					"snd_cwnd":	1047728,
					"snd_wnd":	0,
					"rtt":	44,
					"rttvar":	14,
					"pmtu":	65535,
					"reorder":	0,
					"omitted":	false,
					"sender":	true
				}],
			"sum":	{
				"start":	6.000261,
				"end":	7.000262,
				"seconds":	1.0000009536743164,
				"bytes":	2649096192,
				"bits_per_second":	21192749325.019276,
				"retransmits":	0,
				"omitted":	false,
				"sender":	true
			}
		}, {
			"streams":	[{
					"socket":	5,
					"start":	7.000262,
					"end":	8.000324,
					"seconds":	1.0000619888305664,
					"bytes":	2635071488,
					"bits_per_second":	21079265224.9995,
					"retransmits":	0,
					"snd_cwnd":	1047728,
					"snd_wnd":	335872,
					"rtt":	49,
					"rttvar":	16,
					"pmtu":	65535,
					"reorder":	0,
					"omitted":	false,
					"sender":	true
				}],
			"sum":	{
				"start":	7.000262,
				"end":	8.000324,
				"seconds":	1.0000619888305664,
				"bytes":	2635071488,
				"bits_per_second":	21079265224.9995,
				"retransmits":	0,
				"omitted":	false,
				"sender":	true
			}
		}, {
			"streams":	[{
					"socket":	5,
					"start":	8.000324,
					"end":	9.000261,
					"seconds":	0.99993699789047241,
					"bytes":	2638610432,
					"bits_per_second":	21110213443.979549,
					"retransmits":	0,
					"snd_cwnd":	1047728,
					"snd_wnd":	0,
					"rtt":	39,
					"rttvar":	8,
					"pmtu":	65535,
					"reorder":	0,
					"omitted":	false,
					"sender":	true
				}],
			"sum":	{
				"start":	8.000324,
				"end":	9.000261,
				"seconds":	0.99993699789047241,
				"bytes":	2638610432,
				"bits_per_second":	21110213443.979549,
				"retransmits":	0,
				"omitted":	false,
				"sender":	true
			}
		}, {
			"streams":	[{
					"socket":	5,
					"start":	9.000261,
					"end":	10.000525,
					"seconds":	1.000264048576355,
					"bytes":	2618032128,
					"bits_per_second":	20938728182.63269,
					"retransmits":	0,
					"snd_cwnd":	1047728,
					"snd_wnd":	254976,
					"rtt":	43,
					"rttvar":	5,
					"pmtu":	65535,
					"reorder":	0,
					"omitted":	false,
					"sender":	true
				}],
			"sum":	{
				"start":	9.000261,
				"end":	10.000525,
				"seconds":	1.000264048576355,
				"bytes":	2618032128,
				"bits_per_second":	20938728182.63269,
				"retransmits":	0,
				"omitted":	false,
				"sender":	true
			}
		}],
	"end":	{
		"streams":	[{
				"sender":	{
					"socket":	5,
					"start":	0,
					"end":	10.000525,
					"seconds":	10.000525,
					"bytes":	26903838720,
					"bits_per_second":	21521941074.093613,
					"retransmits":	0,
					"reorder":	0,
					"max_snd_cwnd":	1047728,
					"max_snd_wnd":	442368,
					"max_rtt":	49,
					"min_rtt":	35,
					"mean_rtt":	41,
					"sender":	true
				},
				"receiver":	{
					"socket":	5,
					"start":	0,
					"end":	10.000637,
					"seconds":	10.000525,
					"bytes":	26900692992,
					"bits_per_second":	21519183621.603306,
					"sender":	true
				}
			}],
		"sum_sent":	{
			"start":	0,
			"end":	10.000525,
			"seconds":	10.000525,
			"bytes":	26903838720,
			"bits_per_second":	21521941074.093613,
			"retransmits":	0,
			"sender":	true
		},
		"sum_received":	{
			"start":	0,
			"end":	10.000637,
			"seconds":	10.000637,
			"bytes":	26900692992,