{
	"start":	{
		"connected":	[{
				"socket":	5,
				"local_host":	"127.0.0.1",
				"local_port":	44396,
				"remote_host":	"127.0.0.1",
				"remote_port":	8080
			}],
		"version":	"iperf 3.20",
		"system_info":	"Linux carbon 6.19.9-arch1-1 #1 SMP PREEMPT_DYNAMIC Thu, 19 Mar 2026 16:33:17 +0000 x86_64",
		"timestamp":	{
			"time":	"Fri, 03 Apr 2026 01:01:10 GMT",
			"timesecs":	1775178070,
			"timemillisecs":	1775178070930
		},
		"connecting_to":	{
			"host":	"127.0.0.1",
			"port":	8080
		},
		"cookie":	"zn2mqnimsbbnaq4j3lcu4phd26wjke5v6iio",
		"tcp_mss_default":	32768,
		"target_bitrate":	0,
		"fq_rate":	0,
		"sock_bufsize":	0,
		"sndbuf_actual":	16384,
		"rcvbuf_actual":	131072,
		"test_start":	{
			"protocol":	"TCP",
			"num_streams":	1,
			"blksize":	131072,
			"omit":	0,
			"duration":	10,
			"bytes":	0,
			"blocks":	0,
			"reverse":	0,
			"tos":	0,
			"target_bitrate":	0,
			"bidir":	0,
			"fqrate":	0,
			"interval":	1
		}
	},
	"intervals":	[{
			"streams":	[{
					"socket":	5,
					"start":	0,
					"end":	1.000937,
					"seconds":	1.0009369850158691,
					"bytes":	2839019520,
					"bits_per_second":	22690895131.265347,
					"retransmits":	0,
					"snd_cwnd":	1047728,
					"snd_wnd":	15360,
					"rtt":	40,
					"rttvar":	15,
					"pmtu":	65535,
					"reorder":	0,
					"omitted":	false,
					"sender":	true
				}],
			"sum":	{
				"start":	0,
				"end":	1.000937,
				"seconds":	1.0009369850158691,
				"bytes":	2839019520,
				"bits_per_second":	22690895131.265347,
				"retransmits":	0,
				"omitted":	false,
				"sender":	true
			}
		}, {
			"streams":	[{
					"socket":	5,
					"start":	1.000937,
					"end":	2.001022,
					"seconds":	1.00008499622345,
					"bytes":	2921725952,
					"bits_per_second":	23371821099.4714,
					"retransmits":	0,
					"snd_cwnd":	1047728,
					"snd_wnd":	331776,
					"rtt":	36,
					"rttvar":	6,
					"pmtu":	65535,
					"reorder":	0,
					"omitted":	false,
					"sender":	true
				}],
			"sum":	{
				"start":	1.000937,
				"end":	2.001022,
				"seconds":	1.00008499622345,
				"bytes":	2921725952,
				"bits_per_second":	23371821099.4714,
				"retransmits":	0,
				"omitted":	false,
				"sender":	true
			}
		}, {
			"streams":	[{
					"socket":	5,
					"start":	2.001022,
					"end":	3.000947,
					"seconds":	0.99992501735687256,
					"bytes":	2666659840,
					"bits_per_second":	21334878465.578152,
					"retransmits":	0,
					"snd_cwnd":	1047728,
					"snd_wnd":	5120,
					"rtt":	39,
					"rttvar":	10,
					"pmtu":	65535,
					"reorder":	0,
					"omitted":	false,
					"sender":	true
				}],
			"sum":	{
				"start":	2.001022,
				"end":	3.000947,
				"seconds":	0.99992501735687256,
				"bytes":	2666659840,
				"bits_per_second":	21334878465.578152,
				"retransmits":	0,
				"omitted":	false,
				"sender":	true
			}
		}, {
			"streams":	[{
					"socket":	5,
					"start":	3.000947,
					"end":	4.000967,
					"seconds":	1.0000200271606445,
					"bytes":	2648965120,
					"bits_per_second":	21191296558.499557,
					"retransmits":	0,
					"snd_cwnd":	1047728,
					"snd_wnd":	331776,
					"rtt":	38,
					"rttvar":	8,
					"pmtu":	65535,
					"reorder":	0,
					"omitted":	false,
					"sender":	true
				}],
			"sum":	{
				"start":	3.000947,
				"end":	4.000967,
				"seconds":	1.0000200271606445,
				"bytes":	2648965120,
				"bits_per_second":	21191296558.499557,
				"retransmits":	0,
				"omitted":	false,
				"sender":	true
			}
		}, {
			"streams":	[{
					"socket":	5,
					"start":	4.000967,
					"end":	5.000969,
					"seconds":	1.0000020265579224,
					"bytes":	2538078208,
					"bits_per_second":	20304584515.583389,
					"retransmits":	0,
					"snd_cwnd":	1047728,
					"snd_wnd":	0,
					"rtt":	42,
					"rttvar":	11,
					"pmtu":	65535,
					"reorder":	0,
					"omitted":	false,
					"sender":	true
				}],
			"sum":	{
				"start":	4.000967,
				"end":	5.000969,
				"seconds":	1.0000020265579224,
				"bytes":	2538078208,
				"bits_per_second":	20304584515.583389,
				"retransmits":	0,
				"omitted":	false,
				"sender":	true
			}
		}, {
			"streams":	[{
					"socket":	5,
					"start":	5.000969,
					"end":	6.000993,
					"seconds":	1.0000239610672,
					"bytes":	2611871744,
					"bits_per_second":	20894473298.1212,
					"retransmits":	0,
					"snd_cwnd":	1047728,
					"snd_wnd":	5120,
					"rtt":	46,
					"rttvar":	9,
					"pmtu":	65535,
					"reorder":	0,
					"omitted":	false,
					"sender":	true
				}],
			"sum":	{
				"start":	5.000969,
				"end":	6.000993,
				"seconds":	1.0000239610672,
				"bytes":	2611871744,
				"bits_per_second":	20894473298.1212,
				"retransmits":	0,
				"omitted":	false,
				"sender":	true
			}
		}, {
			"streams":	[{
					"socket":	5,
					"start":	6.000993,
					"end":	7.001021,
					"seconds":	1.0000280141830444,
					"bytes":	2641362944,
					"bits_per_second":	21130311603.582951,
					"retransmits":	0,
					"snd_cwnd":	1047728,
					"snd_wnd":	58368,
					"rtt":	38,
					"rttvar":	9,
					"pmtu":	65535,
					"reorder":	0,
					"omitted":	false,
					"sender":	true
				}],
			"sum":	{
				"start":	6.000993,
				"end":	7.001021,
				"seconds":	1.0000280141830444,
				"bytes":	2641362944,
				"bits_per_second":	21130311603.582951,
				"retransmits":	0,
				"omitted":	false,
				"sender":	true
			}
		}, {
			"streams":	[{
					"socket":	5,
					"start":	7.001021,
					"end":	8.000967,
					"seconds":	0.9999459981918335,
					"bytes":	2659450880,
					"bits_per_second":	21276756023.297176,
					"retransmits":	0,
					"snd_cwnd":	1047728,
					"snd_wnd":	368640,
					"rtt":	40,
					"rttvar":	10,
					"pmtu":	65535,
					"reorder":	0,
					"omitted":	false,
					"sender":	true
				}],
			"sum":	{
				"start":	7.001021,
				"end":	8.000967,
				"seconds":	0.9999459981918335,
				"bytes":	2659450880,
				"bits_per_second":	21276756023.297176,
				"retransmits":	0,
				"omitted":	false,
				"sender":	true
			}
		}, {
			"streams":	[{
					"socket":	5,
					"start":	8.000967,
					"end":	9.000943,
					"seconds":	0.99997597932815552,
					"bytes":	2546204672,
					"bits_per_second":	20370126680.128414,
					"retransmits":	0,
					"snd_cwnd":	1047728,
					"snd_wnd":	331776,
					"rtt":	45,
					"rttvar":	18,
					"pmtu":	65535,
					"reorder":	0,
					"omitted":	false,
					"sender":	true
				}],
			"sum":	{
				"start":	8.000967,
				"end":	9.000943,
				"seconds":	0.99997597932815552,
				"bytes":	2546204672,
				"bits_per_second":	20370126680.128414,
				"retransmits":	0,
				"omitted":	false,
				"sender":	true
			}
		}, {
			"streams":	[{
					"socket":	5,
					"start":	9.000943,
					"end":	10.001441,
					"seconds":	1.0004980564117432,
					"bytes":	2634940416,
					"bits_per_second":	21069029762.637512,
					"retransmits":	0,
					"snd_cwnd":	1047728,
					"snd_wnd":	357376,
					"rtt":	42,
					"rttvar":	7,
					"pmtu":	65535,
					"reorder":	0,
					"omitted":	false,
					"sender":	true
				}],
			"sum":	{
				"start":	9.000943,
				"end":	10.001441,
				"seconds":	1.0004980564117432,
				"bytes":	2634940416,
				"bits_per_second":	21069029762.637512,
				"retransmits":	0,
				"omitted":	false,
				"sender":	true
			}
		}],
	"end":	{
		"streams":	[{
				"sender":	{
					"socket":	5,
					"start":	0,
					"end":	10.001441,
					"seconds":	10.001441,
					"bytes":	26714439680,
					"bits_per_second":	21368472547.105961,
					"retransmits":	0,
					"reorder":	0,
					"max_snd_cwnd":	1047728,
					"max_snd_wnd":	368640,
					"max_rtt":	46,
					"min_rtt":	36,
					"mean_rtt":	40,
					"sender":	true
				},
				"receiver":	{
					"socket":	5,
					"start":	0,
					"end":	10.001705,
					"seconds":	10.001441,
					"bytes":	26711818240,
					"bits_per_second":	21365811721.101555,
					"sender":	true
				}
			}],
		"sum_sent":	{
			"start":	0,
			"end":	10.001441,
			"seconds":	10.001441,
			"bytes":	26714439680,
			"bits_per_second":	21368472547.105961,
			"retransmits":	0,
			"sender":	true
		},
		"sum_received":	{
			"start":	0,
			"end":	10.001705,
			"seconds":	10.001705,
			"bytes":	26711818240,