{
	"start":	{
		"connected":	[{
				"socket":	5,
				"local_host":	"127.0.0.1",
				"local_port":	46186,
				"remote_host":	"127.0.0.1",
				"remote_port":	3001
			}],
		"version":	"iperf 3.20",
		"system_info":	"Linux carbon 6.19.9-arch1-1 #1 SMP PREEMPT_DYNAMIC Thu, 19 Mar 2026 16:33:17 +0000 x86_64",
		"timestamp":	{
			"time":	"Sun, 05 Apr 2026 01:03:04 GMT",
			"timesecs":	1775350984,
			"timemillisecs":	1775350984719
		},
		"connecting_to":	{
			"host":	"127.0.0.1",
			"port":	3001
		},
		"cookie":	"qckvwyorf6k3s5ly6dwcj5fktkt7ml432jtu",
		"tcp_mss_default":	32768,
		"target_bitrate":	0,
		"fq_rate":	0,
		"sock_bufsize":	0,
		"sndbuf_actual":	16384,
		"rcvbuf_actual":	131072,
		"test_start":	{
			"protocol":	"TCP",
			"num_streams":	1,
			"blksize":	131072,
			"omit":	0,
			"duration":	10,
			"bytes":	0,
			"blocks":	0,
			"reverse":	0,
			"tos":	0,
			"target_bitrate":	0,
			"bidir":	0,
			"fqrate":	0,
			"interval":	1
		}
	},
	"intervals":	[{
			"streams":	[{
					"socket":	5,
					"start":	0,
					"end":	1.000864,
					"seconds":	1.0008640289306641,
					"bytes":	5737676800,
					"bits_per_second":	45861788487.934425,
					"retransmits":	0,
					"snd_cwnd":	1113211,
					"snd_wnd":	527360,
					"rtt":	34,
					"rttvar":	1,
					"pmtu":	65535,
					"reorder":	0,
					"omitted":	false,
					"sender":	true
				}],
			"sum":	{
				"start":	0,
				"end":	1.000864,
				"seconds":	1.0008640289306641,
				"bytes":	5737676800,
				"bits_per_second":	45861788487.934425,
				"retransmits":	0,
				"omitted":	false,
				"sender":	true
			}
		}, {
			"streams":	[{
					"socket":	5,
					"start":	1.000864,
					"end":	2.000866,
					"seconds":	1.0000020265579224,
					"bytes":	5575671808,
					"bits_per_second":	44605284068.8082,
					"retransmits":	0,
					"snd_cwnd":	1113211,
					"snd_wnd":	663552,
					"rtt":	35,
					"rttvar":	0,
					"pmtu":	65535,
					"reorder":	0,
					"omitted":	false,
					"sender":	true
				}],
			"sum":	{
				"start":	1.000864,
				"end":	2.000866,
				"seconds":	1.0000020265579224,
				"bytes":	5575671808,
				"bits_per_second":	44605284068.8082,
				"retransmits":	0,
				"omitted":	false,
				"sender":	true
			}
		}, {
			"streams":	[{
					"socket":	5,
					"start":	2.000866,
					"end":	3.000823,
					"seconds":	0.999957025051117,
					"bytes":	5655363584,
					"bits_per_second":	45244853067.247787,
					"retransmits":	0,
					"snd_cwnd":	1113211,
					"snd_wnd":	794624,
					"rtt":	34,
					"rttvar":	0,
					"pmtu":	65535,
					"reorder":	0,
					"omitted":	false,
					"sender":	true
				}],
			"sum":	{
				"start":	2.000866,
				"end":	3.000823,
				"seconds":	0.999957025051117,
				"bytes":	5655363584,
				"bits_per_second":	45244853067.247787,
				"retransmits":	0,
				"omitted":	false,
				"sender":	true
			}
		}, {
			"streams":	[{
					"socket":	5,
					"start":	3.000823,
					"end":	4.000989,
					"seconds":	1.0001660585403442,
					"bytes":	5306843136,
					"bits_per_second":	42447696285.513855,
					"retransmits":	0,
					"snd_cwnd":	1113211,
					"snd_wnd":	794624,
					"rtt":	40,
					"rttvar":	6,
					"pmtu":	65535,
					"reorder":	0,
					"omitted":	false,
					"sender":	true
				}],
			"sum":	{
				"start":	3.000823,
				"end":	4.000989,
				"seconds":	1.0001660585403442,
				"bytes":	5306843136,
				"bits_per_second":	42447696285.513855,
				"retransmits":	0,
				"omitted":	false,
				"sender":	true
			}
		}, {
			"streams":	[{
					"socket":	5,
					"start":	4.000989,
					"end":	5.00092,
					"seconds":	0.99993097782135,
					"bytes":	4750573568,
					"bits_per_second":	38007211884.56868,
					"retransmits":	0,
					"snd_cwnd":	1113211,
					"snd_wnd":	794624,
					"rtt":	41,
					"rttvar":	1,
					"pmtu":	65535,
					"reorder":	0,
					"omitted":	false,
					"sender":	true
				}],
			"sum":	{
				"start":	4.000989,
				"end":	5.00092,
				"seconds":	0.99993097782135,
				"bytes":	4750573568,
				"bits_per_second":	38007211884.56868,
				"retransmits":	0,
				"omitted":	false,
				"sender":	true
			}
		}, {
			"streams":	[{
					"socket":	5,
					"start":	5.00092,
					"end":	6.0006,
					"seconds":	0.999679982662201,
					"bytes":	5004853248,
					"bits_per_second":	40051643204.2327,
					"retransmits":	0,
					"snd_cwnd":	1113211,
					"snd_wnd":	794624,
					"rtt":	38,
					"rttvar":	0,
					"pmtu":	65535,
					"reorder":	0,
					"omitted":	false,
					"sender":	true
				}],
			"sum":	{
				"start":	5.00092,
				"end":	6.0006,
				"seconds":	0.999679982662201,
				"bytes":	5004853248,
				"bits_per_second":	40051643204.2327,
				"retransmits":	0,
				"omitted":	false,
				"sender":	true
			}
		}, {
			"streams":	[{
					"socket":	5,
					"start":	6.0006,
					"end":	7.000878,
					"seconds":	1.0002779960632324,
					"bytes":	5266472960,
					"bits_per_second":	42120074465.115639,
					"retransmits":	0,
					"snd_cwnd":	1113211,
					"snd_wnd":	804864,
					"rtt":	38,
					"rttvar":	0,
					"pmtu":	65535,
					"reorder":	0,
					"omitted":	false,
					"sender":	true
				}],
			"sum":	{
				"start":	6.0006,
				"end":	7.000878,
				"seconds":	1.0002779960632324,
				"bytes":	5266472960,
				"bits_per_second":	42120074465.115639,
				"retransmits":	0,
				"omitted":	false,
				"sender":	true
			}
		}, {
			"streams":	[{
					"socket":	5,
					"start":	7.000878,
					"end":	8.000871,
					"seconds":	0.99999302625656128,
					"bytes":	4872339456,
					"bits_per_second":	38978987477.458168,
					"retransmits":	0,
					"snd_cwnd":	1113211,
					"snd_wnd":	805888,
					"rtt":	38,
					"rttvar":	1,
					"pmtu":	65535,
					"reorder":	0,
					"omitted":	false,
					"sender":	true
				}],
			"sum":	{
				"start":	7.000878,
				"end":	8.000871,
				"seconds":	0.99999302625656128,
				"bytes":	4872339456,
				"bits_per_second":	38978987477.458168,
				"retransmits":	0,
				"omitted":	false,
				"sender":	true
			}
		}, {
			"streams":	[{
					"socket":	5,
					"start":	8.000871,
					"end":	9.00102,
					"seconds":	1.0001490116119385,
					"bytes":	5112856576,
					"bits_per_second":	40896758516.090462,
					"retransmits":	0,
					"snd_cwnd":	1113211,
					"snd_wnd":	805888,
					"rtt":	39,
					"rttvar":	1,
					"pmtu":	65535,
					"reorder":	0,
					"omitted":	false,
					"sender":	true
				}],
			"sum":	{
				"start":	8.000871,
				"end":	9.00102,
				"seconds":	1.0001490116119385,
				"bytes":	5112856576,
				"bits_per_second":	40896758516.090462,
				"retransmits":	0,
				"omitted":	false,
				"sender":	true
			}
		}, {
			"streams":	[{
					"socket":	5,
					"start":	9.00102,
					"end":	10.001116,
					"seconds":	1.0000959634780884,
					"bytes":	4489740288,
					"bits_per_second":	35914475825.986015,
					"retransmits":	0,
					"snd_cwnd":	1113211,
					"snd_wnd":	805888,
					"rtt":	35,
					"rttvar":	2,
					"pmtu":	65535,
					"reorder":	0,
					"omitted":	false,
					"sender":	true
				}],
			"sum":	{
				"start":	9.00102,
				"end":	10.001116,
				"seconds":	1.0000959634780884,
				"bytes":	4489740288,
				"bits_per_second":	35914475825.986015,
				"retransmits":	0,
				"omitted":	false,
				"sender":	true
			}
		}],
	"end":	{
		"streams":	[{
				"sender":	{
					"socket":	5,
					"start":	0,
					"end":	10.001116,
					"seconds":	10.001116,
					"bytes":	53740830720,
					"bits_per_second":	42987867130.0283,
					"retransmits":	0,
					"reorder":	0,
					"max_snd_cwnd":	1113211,
					"max_snd_wnd":	805888,
					"max_rtt":	41,
					"min_rtt":	34,
					"mean_rtt":	37,
					"sender":	true
				},
				"receiver":	{
					"socket":	5,
					"start":	0,
					"end":	10.001155,
					"seconds":	10.001116,
					"bytes":	53740830720,
					"bits_per_second":	42987699496.70813,
					"sender":	true
				}
			}],
		"sum_sent":	{
			"start":	0,
			"end":	10.001116,
			"seconds":	10.001116,
			"bytes":	53740830720,
			"bits_per_second":	42987867130.0283,
			"retransmits":	0,
			"sender":	true
		},
		"sum_received":	{
			"start":	0,
			"end":	10.001155,
			"seconds":	10.001155,
			"bytes":	53740830720,