{
	"start":	{
		"connected":	[{
				"socket":	5,
				"local_host":	"127.0.0.1",
				"local_port":	48656,
				"remote_host":	"127.0.0.1",
				"remote_port":	8080
			}],
		"version":	"iperf 3.20",
		"system_info":	"Linux carbon 6.19.9-arch1-1 #1 SMP PREEMPT_DYNAMIC Thu, 19 Mar 2026 16:33:17 +0000 x86_64",
		"timestamp":	{
			"time":	"Sun, 05 Apr 2026 01:03:36 GMT",
			"timesecs":	1775351016,
			"timemillisecs":	1775351016869
		},
		"connecting_to":	{
			"host":	"127.0.0.1",
			"port":	8080
		},
		"cookie":	"qqq6qnie7ryohmncklhqqdx4m7xq35vfpezj",
		"tcp_mss_default":	32768,
		"target_bitrate":	0,
		"fq_rate":	0,
		"sock_bufsize":	0,
		"sndbuf_actual":	16384,
		"rcvbuf_actual":	131072,
		"test_start":	{
			"protocol":	"TCP",
			"num_streams":	1,
			"blksize":	131072,
			"omit":	0,
			"duration":	10,
			"bytes":	0,
			"blocks":	0,
			"reverse":	0,
			"tos":	0,
			"target_bitrate":	0,
			"bidir":	0,
			"fqrate":	0,
			"interval":	1
		}
	},
	"intervals":	[{
			"streams":	[{
					"socket":	5,
					"start":	0,
					"end":	1.000692,
					"seconds":	1.0006920099258423,
					"bytes":	3888906240,
					"bits_per_second":	31089735514.4322,
					"retransmits":	0,
					"snd_cwnd":	1047728,
					"snd_wnd":	20480,
					"rtt":	31,
					"rttvar":	6,
					"pmtu":	65535,
					"reorder":	0,
					"omitted":	false,
					"sender":	true
				}],
			"sum":	{
				"start":	0,
				"end":	1.000692,
				"seconds":	1.0006920099258423,
				"bytes":	3888906240,
				"bits_per_second":	31089735514.4322,
				"retransmits":	0,
				"omitted":	false,
				"sender":	true
			}
		}, {
			"streams":	[{
					"socket":	5,
					"start":	1.000692,
					"end":	2.000734,
					"seconds":	1.0000419616699219,
					"bytes":	3643932672,
					"bits_per_second":	29150238183.3272,
					"retransmits":	0,
					"snd_cwnd":	1047728,
					"snd_wnd":	94208,
					"rtt":	28,
					"rttvar":	9,
					"pmtu":	65535,
					"reorder":	0,
					"omitted":	false,
					"sender":	true
				}],
			"sum":	{
				"start":	1.000692,
				"end":	2.000734,
				"seconds":	1.0000419616699219,
				"bytes":	3643932672,
				"bits_per_second":	29150238183.3272,
				"retransmits":	0,
				"omitted":	false,
				"sender":	true
			}
		}, {
			"streams":	[{
					"socket":	5,
					"start":	2.000734,
					"end":	3.001055,
					"seconds":	1.00032103061676,
					"bytes":	3803578368,
					"bits_per_second":	30418861558.112854,
					"retransmits":	0,
					"snd_cwnd":	1047728,
					"snd_wnd":	25600,
					"rtt":	39,
					"rttvar":	10,
					"pmtu":	65535,
					"reorder":	0,
					"omitted":	false,
					"sender":	true
				}],
			"sum":	{
				"start":	2.000734,
				"end":	3.001055,
				"seconds":	1.00032103061676,
				"bytes":	3803578368,
				"bits_per_second":	30418861558.112854,
				"retransmits":	0,
				"omitted":	false,
				"sender":	true
			}
		}, {
			"streams":	[{
					"socket":	5,
					"start":	3.001055,
					"end":	4.000727,
					"seconds":	0.999671995639801,
					"bytes":	3994157056,
					"bits_per_second":	31963740694.316,
					"retransmits":	0,
					"snd_cwnd":	1047728,
					"snd_wnd":	0,
					"rtt":	28,
					"rttvar":	5,
					"pmtu":	65535,
					"reorder":	0,
					"omitted":	false,
					"sender":	true
				}],
			"sum":	{
				"start":	3.001055,
				"end":	4.000727,
				"seconds":	0.999671995639801,
				"bytes":	3994157056,
				"bits_per_second":	31963740694.316,
				"retransmits":	0,
				"omitted":	false,
				"sender":	true
			}
		}, {
			"streams":	[{
					"socket":	5,
					"start":	4.000727,
					"end":	5.001014,
					"seconds":	1.0002870559692383,
					"bytes":	3853254656,
					"bits_per_second":	30817190989.371346,
					"retransmits":	0,
					"snd_cwnd":	1047728,
					"snd_wnd":	3072,
					"rtt":	33,
					"rttvar":	12,
					"pmtu":	65535,
					"reorder":	0,
					"omitted":	false,
					"sender":	true
				}],
			"sum":	{
				"start":	4.000727,
				"end":	5.001014,
				"seconds":	1.0002870559692383,
				"bytes":	3853254656,
				"bits_per_second":	30817190989.371346,
				"retransmits":	0,
				"omitted":	false,
				"sender":	true
			}
		}, {
			"streams":	[{
					"socket":	5,
					"start":	5.001014,
					"end":	6.000702,
					"seconds":	0.99968802928924561,
					"bytes":	4082106368,
					"bits_per_second":	32667042104.343536,
					"retransmits":	0,
					"snd_cwnd":	1047728,
					"snd_wnd":	356352,
					"rtt":	27,
					"rttvar":	6,
					"pmtu":	65535,
					"reorder":	0,
					"omitted":	false,
					"sender":	true
				}],
			"sum":	{
				"start":	5.001014,
				"end":	6.000702,
				"seconds":	0.99968802928924561,
				"bytes":	4082106368,
				"bits_per_second":	32667042104.343536,
				"retransmits":	0,
				"omitted":	false,
				"sender":	true
			}
		}, {
			"streams":	[{
					"socket":	5,
					"start":	6.000702,
					"end":	7.001021,
					"seconds":	1.0003190040588379,
					"bytes":	4209115136,
					"bits_per_second":	33662182715.084545,
					"retransmits":	0,
					"snd_cwnd":	1047728,
					"snd_wnd":	19456,
					"rtt":	29,
					"rttvar":	5,
					"pmtu":	65535,
					"reorder":	0,
					"omitted":	false,
					"sender":	true
				}],
			"sum":	{
				"start":	6.000702,
				"end":	7.001021,
				"seconds":	1.0003190040588379,
				"bytes":	4209115136,
				"bits_per_second":	33662182715.084545,
				"retransmits":	0,
				"omitted":	false,
				"sender":	true
			}
		}, {
			"streams":	[{
					"socket":	5,
					"start":	7.001021,
					"end":	8.001024,
					"seconds":	1.0000029802322388,
					"bytes":	4078305280,
					"bits_per_second":	32626345005.91478,
					"retransmits":	0,
					"snd_cwnd":	1047728,
					"snd_wnd":	31744,
					"rtt":	30,
					"rttvar":	6,
					"pmtu":	65535,
					"reorder":	0,
					"omitted":	false,
					"sender":	true
				}],
			"sum":	{
				"start":	7.001021,
				"end":	8.001024,
				"seconds":	1.0000029802322388,
				"bytes":	4078305280,
				"bits_per_second":	32626345005.91478,
				"retransmits":	0,
				"omitted":	false,
				"sender":	true
			}
		}, {
			"streams":	[{
					"socket":	5,
					"start":	8.001024,
					"end":	9.000693,
					"seconds":	0.99966901540756226,
					"bytes":	4085776384,
					"bits_per_second":	32697033286.236168,
					"retransmits":	0,
					"snd_cwnd":	1113211,
					"snd_wnd":	28672,
					"rtt":	33,
					"rttvar":	6,
					"pmtu":	65535,
					"reorder":	0,
					"omitted":	false,
					"sender":	true
				}],
			"sum":	{
				"start":	8.001024,
				"end":	9.000693,
				"seconds":	0.99966901540756226,
				"bytes":	4085776384,
				"bits_per_second":	32697033286.236168,
				"retransmits":	0,
				"omitted":	false,
				"sender":	true
			}
		}, {
			"streams":	[{
					"socket":	5,
					"start":	9.000693,
					"end":	10.001035,
					"seconds":	1.0003420114517212,
					"bytes":	4275830784,
					"bits_per_second":	34194951207.096127,
					"retransmits":	0,
					"snd_cwnd":	1113211,
					"snd_wnd":	0,
					"rtt":	32,
					"rttvar":	6,
					"pmtu":	65535,
					"reorder":	0,
					"omitted":	false,
					"sender":	true
				}],
			"sum":	{
				"start":	9.000693,
				"end":	10.001035,
				"seconds":	1.0003420114517212,
				"bytes":	4275830784,
				"bits_per_second":	34194951207.096127,
				"retransmits":	0,
				"omitted":	false,
				"sender":	true
			}
		}],
	"end":	{
		"streams":	[{
				"sender":	{
					"socket":	5,
					"start":	0,
					"end":	10.001035,
					"seconds":	10.001035,
					"bytes":	39945502720,
					"bits_per_second":	31953095030.664326,
					"retransmits":	0,
					"reorder":	0,
					"max_snd_cwnd":	1113211,
					"max_snd_wnd":	356352,
					"max_rtt":	39,
					"min_rtt":	27,
					"mean_rtt":	31,
					"sender":	true
				},
				"receiver":	{
					"socket":	5,
					"start":	0,
					"end":	10.002181,
					"seconds":	10.001035,
					"bytes":	39945502720,
					"bits_per_second":	31949434004.44363,
					"sender":	true
				}
			}],
		"sum_sent":	{
			"start":	0,
			"end":	10.001035,
			"seconds":	10.001035,
			"bytes":	39945502720,
			"bits_per_second":	31953095030.664326,
			"retransmits":	0,
			"sender":	true
		},
		"sum_received":	{
			"start":	0,
			"end":	10.002181,
			"seconds":	10.002181,
			"bytes":	39945502720,