{
	"start":	{
		"connected":	[{
				"socket":	5,
				"local_host":	"127.0.0.1",
				"local_port":	34580,
				"remote_host":	"127.0.0.1",
				"remote_port":	8080
			}],
		"version":	"iperf 3.20",
		"system_info":	"Linux carbon 6.19.9-arch1-1 #1 SMP PREEMPT_DYNAMIC Thu, 19 Mar 2026 16:33:17 +0000 x86_64",
		"timestamp":	{
			"time":	"Sun, 05 Apr 2026 01:03:26 GMT",
			"timesecs":	1775351006,
			"timemillisecs":	1775351006049
		},
		"connecting_to":	{
			"host":	"127.0.0.1",
			"port":	8080
		},
		"cookie":	"lpbmcppm3lolgadvkfwn3kxovw62ovrsqgzb",
		"tcp_mss_default":	32768,
		"target_bitrate":	0,
		"fq_rate":	0,
		"sock_bufsize":	0,
		"sndbuf_actual":	16384,
		"rcvbuf_actual":	131072,
		"test_start":	{
			"protocol":	"TCP",
			"num_streams":	1,
			"blksize":	131072,
			"omit":	0,
			"duration":	10,
			"bytes":	0,
			"blocks":	0,
			"reverse":	0,
			"tos":	0,
			"target_bitrate":	0,
			"bidir":	0,
			"fqrate":	0,
			"interval":	1
		}
	},
	"intervals":	[{
			"streams":	[{
					"socket":	5,
					"start":	0,
					"end":	1.000985,
					"seconds":	1.0009850263595581,
					"bytes":	2879258624,
					"bits_per_second":	23011402154.307613,
					"retransmits":	0,
					"snd_cwnd":	1309660,
					"snd_wnd":	0,
					"rtt":	49,
					"rttvar":	26,
					"pmtu":	65535,
					"reorder":	0,
					"omitted":	false,
					"sender":	true
				}],
			"sum":	{
				"start":	0,
				"end":	1.000985,
				"seconds":	1.0009850263595581,
				"bytes":	2879258624,
				"bits_per_second":	23011402154.307613,
				"retransmits":	0,
				"omitted":	false,
				"sender":	true
			}
		}, {
			"streams":	[{
					"socket":	5,
					"start":	1.000985,
					"end":	2.000989,
					"seconds":	1.0000040531158447,
					"bytes":	2758410240,
					"bits_per_second":	22067192479.112514,
					"retransmits":	0,
					"snd_cwnd":	1309660,
					"snd_wnd":	68608,
					"rtt":	51,
					"rttvar":	27,
					"pmtu":	65535,
					"reorder":	0,
					"omitted":	false,
					"sender":	true
				}],
			"sum":	{
				"start":	1.000985,
				"end":	2.000989,
				"seconds":	1.0000040531158447,
				"bytes":	2758410240,
				"bits_per_second":	22067192479.112514,
				"retransmits":	0,
				"omitted":	false,
				"sender":	true
			}
		}, {
			"streams":	[{
					"socket":	5,
					"start":	2.000989,
					"end":	3.001035,
					"seconds":	1.0000460147857666,
					"bytes":	3021209600,
					"bits_per_second":	24168564688.673565,
					"retransmits":	0,
					"snd_cwnd":	1309660,
					"snd_wnd":	329728,
					"rtt":	58,
					"rttvar":	12,
					"pmtu":	65535,
					"reorder":	0,
					"omitted":	false,
					"sender":	true
				}],
			"sum":	{
				"start":	2.000989,
				"end":	3.001035,
				"seconds":	1.0000460147857666,
				"bytes":	3021209600,
				"bits_per_second":	24168564688.673565,
				"retransmits":	0,
				"omitted":	false,
				"sender":	true
			}
		}, {
			"streams":	[{
					"socket":	5,
					"start":	3.001035,
					"end":	4.000982,
					"seconds":	0.99994701147079468,
					"bytes":	2876899328,
					"bits_per_second":	23016414229.937626,
					"retransmits":	0,
					"snd_cwnd":	1309660,
					"snd_wnd":	322560,
					"rtt":	49,
					"rttvar":	28,
					"pmtu":	65535,
					"reorder":	0,
					"omitted":	false,
					"sender":	true
				}],
			"sum":	{
				"start":	3.001035,
				"end":	4.000982,
				"seconds":	0.99994701147079468,
				"bytes":	2876899328,
				"bits_per_second":	23016414229.937626,
				"retransmits":	0,
				"omitted":	false,
				"sender":	true
			}
		}, {
			"streams":	[{
					"socket":	5,
					"start":	4.000982,
					"end":	5.000982,
					"seconds":	1,
					"bytes":	2794586112,
					"bits_per_second":	22356688896,
					"retransmits":	0,
					"snd_cwnd":	1309660,
					"snd_wnd":	68608,
					"rtt":	44,
					"rttvar":	20,
					"pmtu":	65535,
					"reorder":	0,
					"omitted":	false,
					"sender":	true
				}],
			"sum":	{
				"start":	4.000982,
				"end":	5.000982,
				"seconds":	1,
				"bytes":	2794586112,
				"bits_per_second":	22356688896,
				"retransmits":	0,
				"omitted":	false,
				"sender":	true
			}
		}, {
			"streams":	[{
					"socket":	5,
					"start":	5.000982,
					"end":	6.000992,
					"seconds":	1.0000100135803223,
					"bytes":	2833121280,
					"bits_per_second":	22664743284.772633,
					"retransmits":	0,
					"snd_cwnd":	1309660,
					"snd_wnd":	0,
					"rtt":	62,
					"rttvar":	38,
					"pmtu":	65535,
					"reorder":	0,
					"omitted":	false,
					"sender":	true
				}],
			"sum":	{
				"start":	5.000982,
				"end":	6.000992,
				"seconds":	1.0000100135803223,
				"bytes":	2833121280,
				"bits_per_second":	22664743284.772633,
				"retransmits":	0,
				"omitted":	false,
				"sender":	true
			}
		}, {
			"streams":	[{
					"socket":	5,
					"start":	6.000992,
					"end":	7.000988,
					"seconds":	0.9999960064888,
					"bytes":	2726821888,
					"bits_per_second":	21814662221.0979,
					"retransmits":	0,
					"snd_cwnd":	1309660,
					"snd_wnd":	329728,
					"rtt":	50,
					"rttvar":	24,
					"pmtu":	65535,
					"reorder":	0,
					"omitted":	false,
					"sender":	true
				}],
			"sum":	{
				"start":	6.000992,
				"end":	7.000988,
				"seconds":	0.9999960064888,
				"bytes":	2726821888,
				"bits_per_second":	21814662221.0979,
				"retransmits":	0,
				"omitted":	false,
				"sender":	true
			}
		}, {
			"streams":	[{
					"socket":	5,
					"start":	7.000988,
					"end":	8.000977,
					"seconds":	0.99998897314071655,
					"bytes":	2802712576,
					"bits_per_second":	22421947851.663822,
					"retransmits":	0,
					"snd_cwnd":	1309660,
					"snd_wnd":	68608,
					"rtt":	47,
					"rttvar":	20,
					"pmtu":	65535,
					"reorder":	0,
					"omitted":	false,
					"sender":	true
				}],
			"sum":	{
				"start":	7.000988,
				"end":	8.000977,
				"seconds":	0.99998897314071655,
				"bytes":	2802712576,
				"bits_per_second":	22421947851.663822,
				"retransmits":	0,
				"omitted":	false,
				"sender":	true
			}
		}, {
			"streams":	[{
					"socket":	5,
					"start":	8.000977,
					"end":	9.001015,
					"seconds":	1.0000380277633667,
					"bytes":	2912550912,
					"bits_per_second":	23299521267.318687,
					"retransmits":	0,
					"snd_cwnd":	1309660,
					"snd_wnd":	329728,
					"rtt":	44,
					"rttvar":	22,
					"pmtu":	65535,
					"reorder":	0,
					"omitted":	false,
					"sender":	true
				}],
			"sum":	{
				"start":	8.000977,
				"end":	9.001015,
				"seconds":	1.0000380277633667,
				"bytes":	2912550912,
				"bits_per_second":	23299521267.318687,
				"retransmits":	0,
				"omitted":	false,
				"sender":	true
			}
		}, {
			"streams":	[{
					"socket":	5,
					"start":	9.001015,
					"end":	10.001315,
					"seconds":	1.0003000497817993,
					"bytes":	2800222208,
					"bits_per_second":	22395058031.7242,
					"retransmits":	0,
					"snd_cwnd":	1309660,
					"snd_wnd":	68608,
					"rtt":	36,
					"rttvar":	22,
					"pmtu":	65535,
					"reorder":	0,
					"omitted":	false,
					"sender":	true
				}],
			"sum":	{
				"start":	9.001015,
				"end":	10.001315,
				"seconds":	1.0003000497817993,
				"bytes":	2800222208,
				"bits_per_second":	22395058031.7242,
				"retransmits":	0,
				"omitted":	false,
				"sender":	true
			}
		}],
	"end":	{
		"streams":	[{
				"sender":	{
					"socket":	5,
					"start":	0,
					"end":	10.001315,
					"seconds":	10.001315,
					"bytes":	28417458176,
					"bits_per_second":	22730977417.26963,
					"retransmits":	0,
					"reorder":	0,
					"max_snd_cwnd":	1309660,
					"max_snd_wnd":	329728,
					"max_rtt":	62,
					"min_rtt":	36,
					"mean_rtt":	49,
					"sender":	true
				},
				"receiver":	{
					"socket":	5,
					"start":	0,
					"end":	10.001522,
					"seconds":	10.001315,
					"bytes":	28414443520,
					"bits_per_second":	22728095599.8497,
					"sender":	true
				}
			}],
		"sum_sent":	{
			"start":	0,
			"end":	10.001315,
			"seconds":	10.001315,
			"bytes":	28417458176,
			"bits_per_second":	22730977417.26963,
			"retransmits":	0,
			"sender":	true
		},
		"sum_received":	{
			"start":	0,
			"end":	10.001522,
			"seconds":	10.001522,
			"bytes":	28414443520,
			"bits_per_second":	22728095599.8497,