{
	"start":	{
		"connected":	[{
				"socket":	5,
				"local_host":	"127.0.0.1",
				"local_port":	41462,
				"remote_host":	"127.0.0.1",
				"remote_port":	8080
			}],
		"version":	"iperf 3.20",
		"system_info":	"Linux carbon 6.19.9-arch1-1 #1 SMP PREEMPT_DYNAMIC Thu, 19 Mar 2026 16:33:17 +0000 x86_64",
		"timestamp":	{
			"time":	"Sun, 05 Apr 2026 01:03:47 GMT",
			"timesecs":	1775351027,
			"timemillisecs":	1775351027694
		},
		"connecting_to":	{
			"host":	"127.0.0.1",
			"port":	8080
		},
		"cookie":	"6swsosj2be75lmkx2f43kars6hv5ka2naxeg",
		"tcp_mss_default":	32768,
		"target_bitrate":	0,
		"fq_rate":	0,
		"sock_bufsize":	0,
		"sndbuf_actual":	16384,
		"rcvbuf_actual":	131072,
		"test_start":	{
			"protocol":	"TCP",
			"num_streams":	1,
			"blksize":	131072,
			"omit":	0,
			"duration":	10,
			"bytes":	0,
			"blocks":	0,
			"reverse":	0,
			"tos":	0,
			"target_bitrate":	0,
			"bidir":	0,
			"fqrate":	0,
			"interval":	1
		}
	},
	"intervals":	[{
			"streams":	[{
					"socket":	5,
					"start":	0,
					"end":	1.000299,
					"seconds":	1.0002989768981934,
					"bytes":	2671771648,
					"bits_per_second":	21367784710.006138,
					"retransmits":	0,
					"snd_cwnd":	785796,
					"snd_wnd":	253952,
					"rtt":	38,
					"rttvar":	9,
					"pmtu":	65535,
					"reorder":	0,
					"omitted":	false,
					"sender":	true
				}],
			"sum":	{
				"start":	0,
				"end":	1.000299,
				"seconds":	1.0002989768981934,
				"bytes":	2671771648,
				"bits_per_second":	21367784710.006138,
				"retransmits":	0,
				"omitted":	false,
				"sender":	true
			}
		}, {
			"streams":	[{
					"socket":	5,
					"start":	1.000299,
					"end":	2.000329,
					"seconds":	1.0000300407409668,
					"bytes":	2811494400,
					"bits_per_second":	22491279545.297169,
					"retransmits":	0,
					"snd_cwnd":	785796,
					"snd_wnd":	1024,
					"rtt":	40,
					"rttvar":	13,
					"pmtu":	65535,
					"reorder":	0,
					"omitted":	false,
					"sender":	true
				}],
			"sum":	{
				"start":	1.000299,
				"end":	2.000329,
				"seconds":	1.0000300407409668,
				"bytes":	2811494400,
				"bits_per_second":	22491279545.297169,
				"retransmits":	0,
				"omitted":	false,
				"sender":	true
			}
		}, {
			"streams":	[{
					"socket":	5,
					"start":	2.000329,
					"end":	3.000349,
					"seconds":	1.0000200271606445,
					"bytes":	2650931200,
					"bits_per_second":	21207024883.505867,
					"retransmits":	0,
					"snd_cwnd":	785796,
					"snd_wnd":	37888,
					"rtt":	39,
					"rttvar":	5,
					"pmtu":	65535,
					"reorder":	0,
					"omitted":	false,
					"sender":	true
				}],
			"sum":	{
				"start":	2.000329,
				"end":	3.000349,
				"seconds":	1.0000200271606445,
				"bytes":	2650931200,
				"bits_per_second":	21207024883.505867,
				"retransmits":	0,
				"omitted":	false,
				"sender":	true
			}
		}, {
			"streams":	[{
					"socket":	5,
					"start":	3.000349,
					"end":	4.000302,
					"seconds":	0.99995297193527222,
					"bytes":	2736259072,
					"bits_per_second":	21891102072.165211,
					"retransmits":	0,
					"snd_cwnd":	785796,
					"snd_wnd":	37888,
					"rtt":	39,
					"rttvar":	8,
					"pmtu":	65535,
					"reorder":	0,
					"omitted":	false,
					"sender":	true
				}],
			"sum":	{
				"start":	3.000349,
				"end":	4.000302,
				"seconds":	0.99995297193527222,
				"bytes":	2736259072,
				"bits_per_second":	21891102072.165211,
				"retransmits":	0,
				"omitted":	false,
				"sender":	true
			}
		}, {
			"streams":	[{
					"socket":	5,
					"start":	4.000302,
					"end":	5.000306,
					"seconds":	1.0000040531158447,
					"bytes":	2811232256,
					"bits_per_second":	22489766894.369457,
					"retransmits":	0,
					"snd_cwnd":	785796,
					"snd_wnd":	266240,
					"rtt":	37,
					"rttvar":	12,
					"pmtu":	65535,
					"reorder":	0,
					"omitted":	false,
					"sender":	true
				}],
			"sum":	{
				"start":	4.000302,
				"end":	5.000306,
				"seconds":	1.0000040531158447,
				"bytes":	2811232256,
				"bits_per_second":	22489766894.369457,
				"retransmits":	0,
				"omitted":	false,
				"sender":	true
			}
		}, {
			"streams":	[{
					"socket":	5,
					"start":	5.000306,
					"end":	6.000303,
					"seconds":	0.99999701976776123,
					"bytes":	2727739392,
					"bits_per_second":	21821980170.568817,
					"retransmits":	0,
					"snd_cwnd":	785796,
					"snd_wnd":	232448,
					"rtt":	36,
					"rttvar":	9,
					"pmtu":	65535,
					"reorder":	0,
					"omitted":	false,
					"sender":	true
				}],
			"sum":	{
				"start":	5.000306,
				"end":	6.000303,
				"seconds":	0.99999701976776123,
				"bytes":	2727739392,
				"bits_per_second":	21821980170.568817,
				"retransmits":	0,
				"omitted":	false,
				"sender":	true
			}
		}, {
			"streams":	[{
					"socket":	5,
					"start":	6.000303,
					"end":	7.000305,
					"seconds":	1.0000020265579224,
					"bytes":	2678063104,
					"bits_per_second":	21424461414.08799,
					"retransmits":	0,
					"snd_cwnd":	785796,
					"snd_wnd":	103424,
					"rtt":	40,
					"rttvar":	10,
					"pmtu":	65535,
					"reorder":	0,
					"omitted":	false,
					"sender":	true
				}],
			"sum":	{
				"start":	6.000303,
				"end":	7.000305,
				"seconds":	1.0000020265579224,
				"bytes":	2678063104,
				"bits_per_second":	21424461414.08799,
				"retransmits":	0,
				"omitted":	false,
				"sender":	true
			}
		}, {
			"streams":	[{
					"socket":	5,
					"start":	7.000305,
					"end":	8.000304,
					"seconds":	0.99999898672103882,
					"bytes":	2709258240,
					"bits_per_second":	21674087881.897255,
					"retransmits":	0,
					"snd_cwnd":	785796,
					"snd_wnd":	327680,
					"rtt":	44,
					"rttvar":	13,
					"pmtu":	65535,
					"reorder":	0,
					"omitted":	false,
					"sender":	true
				}],
			"sum":	{
				"start":	7.000305,
				"end":	8.000304,
				"seconds":	0.99999898672103882,
				"bytes":	2709258240,
				"bits_per_second":	21674087881.897255,
				"retransmits":	0,
				"omitted":	false,
				"sender":	true
			}
		}, {
			"streams":	[{
					"socket":	5,
					"start":	8.000304,
					"end":	9.001001,
					"seconds":	1.0006970167160034,
					"bytes":	2582904832,
					"bits_per_second":	20648846065.126427,
					"retransmits":	0,
					"snd_cwnd":	785796,
					"snd_wnd":	36864,
					"rtt":	37,
					"rttvar":	7,
					"pmtu":	65535,
					"reorder":	0,
					"omitted":	false,
					"sender":	true
				}],
			"sum":	{
				"start":	8.000304,
				"end":	9.001001,
				"seconds":	1.0006970167160034,
				"bytes":	2582904832,
				"bits_per_second":	20648846065.126427,
				"retransmits":	0,
				"omitted":	false,
				"sender":	true
			}
		}, {
			"streams":	[{
					"socket":	5,
					"start":	9.001001,
					"end":	10.000757,
					"seconds":	0.99975597858428955,
					"bytes":	2774269952,
					"bits_per_second":	22199576788.156017,
					"retransmits":	0,
					"snd_cwnd":	785796,
					"snd_wnd":	0,
					"rtt":	43,
					"rttvar":	16,
					"pmtu":	65535,
					"reorder":	0,
					"omitted":	false,
					"sender":	true
				}],
			"sum":	{
				"start":	9.001001,
				"end":	10.000757,
				"seconds":	0.99975597858428955,
				"bytes":	2774269952,
				"bits_per_second":	22199576788.156017,
				"retransmits":	0,
				"omitted":	false,
				"sender":	true
			}
		}],
	"end":	{
		"streams":	[{
				"sender":	{
					"socket":	5,
					"start":	0,
					"end":	10.000757,
					"seconds":	10.000757,
					"bytes":	27156676608,
					"bits_per_second":	21723696802.552048,
					"retransmits":	0,
					"reorder":	0,
					"max_snd_cwnd":	785796,
					"max_snd_wnd":	327680,
					"max_rtt":	44,
					"min_rtt":	36,
					"mean_rtt":	39,
					"sender":	true
				},
				"receiver":	{
					"socket":	5,
					"start":	0,
					"end":	10.001002,
					"seconds":	10.000757,
					"bytes":	27153661952,
					"bits_per_second":	21720753142.135159,
					"sender":	true
				}
			}],
		"sum_sent":	{
			"start":	0,
			"end":	10.000757,
			"seconds":	10.000757,
			"bytes":	27156676608,
			"bits_per_second":	21723696802.552048,
			"retransmits":	0,
			"sender":	true
		},
		"sum_received":	{
			"start":	0,
			"end":	10.001002,
			"seconds":	10.001002,