{
	"start":	{
		"connected":	[{
				"socket":	5,
				"local_host":	"127.0.0.1",
				"local_port":	54980,
				"remote_host":	"127.0.0.1",
				"remote_port":	8080
			}],
		"version":	"iperf 3.20",
		"system_info":	"Linux carbon 6.19.9-arch1-1 #1 SMP PREEMPT_DYNAMIC Thu, 19 Mar 2026 16:33:17 +0000 x86_64",
		"timestamp":	{
			"time":	"Sun, 05 Apr 2026 01:05:33 GMT",
			"timesecs":	1775351133,
			"timemillisecs":	1775351133482
		},
		"connecting_to":	{
			"host":	"127.0.0.1",
			"port":	8080
		},
		"cookie":	"5zlncivlifuwzg43g3csr4y5m6xkme6b4w6x",
		"tcp_mss_default":	32768,
		"target_bitrate":	0,
		"fq_rate":	0,
		"sock_bufsize":	0,
		"sndbuf_actual":	16384,
		"rcvbuf_actual":	131072,
		"test_start":	{
			"protocol":	"TCP",
			"num_streams":	1,
			"blksize":	131072,
			"omit":	0,
			"duration":	5,
			"bytes":	0,
			"blocks":	0,
			"reverse":	0,
			"tos":	0,
			"target_bitrate":	0,
			"bidir":	0,
			"fqrate":	0,
			"interval":	1
		}
	},
	"intervals":	[{
			"streams":	[{
					"socket":	5,
					"start":	0,
					"end":	1.001065,
					"seconds":	1.0010650157928467,
					"bytes":	2905604096,
					"bits_per_second":	23220102991.602417,
					"retransmits":	0,
					"snd_cwnd":	1047728,
					"snd_wnd":	0,
					"rtt":	34,
					"rttvar":	7,
					"pmtu":	65535,
					"reorder":	0,
					"omitted":	false,
					"sender":	true
				}],
			"sum":	{
				"start":	0,
				"end":	1.001065,
				"seconds":	1.0010650157928467,
				"bytes":	2905604096,
				"bits_per_second":	23220102991.602417,
				"retransmits":	0,
				"omitted":	false,
				"sender":	true
			}
		}, {
			"streams":	[{
					"socket":	5,
					"start":	1.001065,
					"end":	2.000253,
					"seconds":	0.999188005924225,
					"bytes":	2933522432,
					"bits_per_second":	23487250964.63953,
					"retransmits":	0,
					"snd_cwnd":	1047728,
					"snd_wnd":	356352,
					"rtt":	35,
					"rttvar":	8,
					"pmtu":	65535,
					"reorder":	0,
					"omitted":	false,
					"sender":	true
				}],
			"sum":	{
				"start":	1.001065,
				"end":	2.000253,
				"seconds":	0.999188005924225,
				"bytes":	2933522432,
				"bits_per_second":	23487250964.63953,
				"retransmits":	0,
				"omitted":	false,
				"sender":	true
			}
		}, {
			"streams":	[{
					"socket":	5,
					"start":	2.000253,
					"end":	3.000266,
					"seconds":	1.000012993812561,
					"bytes":	2774794240,
					"bits_per_second":	22198065482.4979,
					"retransmits":	0,
					"snd_cwnd":	1047728,
					"snd_wnd":	0,
					"rtt":	37,
					"rttvar":	6,
					"pmtu":	65535,
					"reorder":	0,
					"omitted":	false,
					"sender":	true
				}],
			"sum":	{
				"start":	2.000253,
				"end":	3.000266,
				"seconds":	1.000012993812561,
				"bytes":	2774794240,
				"bits_per_second":	22198065482.4979,
				"retransmits":	0,
				"omitted":	false,
				"sender":	true
			}
		}, {
			"streams":	[{
					"socket":	5,
					"start":	3.000266,
					"end":	4.001026,
					"seconds":	1.0007599592208862,
					"bytes":	2820931584,
					"bits_per_second":	22550315351.914421,
					"retransmits":	0,
					"snd_cwnd":	1047728,
					"snd_wnd":	1024,
					"rtt":	44,
					"rttvar":	16,
					"pmtu":	65535,
					"reorder":	0,
					"omitted":	false,
					"sender":	true
				}],
			"sum":	{
				"start":	3.000266,
				"end":	4.001026,
				"seconds":	1.0007599592208862,
				"bytes":	2820931584,
				"bits_per_second":	22550315351.914421,
				"retransmits":	0,
				"omitted":	false,
				"sender":	true
			}
		}, {
			"streams":	[{
					"socket":	5,
					"start":	4.001026,
					"end":	5.000691,
					"seconds":	0.9996650218963623,
					"bytes":	2853830656,
					"bits_per_second":	22838295576.94268,
					"retransmits":	0,
					"snd_cwnd":	1047728,
					"snd_wnd":	346112,
					"rtt":	38,
					"rttvar":	5,
					"pmtu":	65535,
					"reorder":	0,
					"omitted":	false,
					"sender":	true
				}],
			"sum":	{
				"start":	4.001026,
				"end":	5.000691,
				"seconds":	0.9996650218963623,
				"bytes":	2853830656,
				"bits_per_second":	22838295576.94268,
				"retransmits":	0,
				"omitted":	false,
				"sender":	true
			}
		}],
	"end":	{
		"streams":	[{
				"sender":	{
					"socket":	5,
					"start":	0,
					"end":	5.000691,
					"seconds":	5.000691,
					"bytes":	14289338368,
					"bits_per_second":	22859782166.904533,
					"retransmits":	0,
					"reorder":	0,
					"max_snd_cwnd":	1047728,
					"max_snd_wnd":	356352,
					"max_rtt":	44,
					"min_rtt":	34,
					"mean_rtt":	37,
					"sender":	true
				},
				"receiver":	{
					"socket":	5,
					"start":	0,
					"end":	5.000931,
					"seconds":	5.000691,
					"bytes":	14286585856,
					"bits_per_second":	22854281902.309792,
					"sender":	true
				}
			}],
		"sum_sent":	{
			"start":	0,
			"end":	5.000691,
			"seconds":	5.000691,
			"bytes":	14289338368,
			"bits_per_second":	22859782166.904533,
			"retransmits":	0,
			"sender":	true
		},
		"sum_received":	{
			"start":	0,
			"end":	5.000931,
			"seconds":	5.000931,
			"bytes":	14286585856,
			"bits_per_second":	22854281902.309792,
			"sender":	true
		},
		"cpu_utilization_percent":	{
			"host_total":	42.837788047729752,
			"host_user":	1.3823252291697112,
			"host_system":	41.455562776997326,
			"remote_total":	43.0271736804786,
			"remote_user":	3.663689760849056,
			"remote_system":	39.363483919629545
		},
		"sender_tcp_congestion":	"cubic",
		"receiver_tcp_congestion":	"cubic"
	}
}
