{
	"start":	{
		"connected":	[{
				"socket":	5,
				"local_host":	"127.0.0.1",
				"local_port":	60664,
				"remote_host":	"127.0.0.1",
				"remote_port":	8080
			}],
		"version":	"iperf 3.20",
		"system_info":	"Linux carbon 6.19.9-arch1-1 #1 SMP PREEMPT_DYNAMIC Thu, 19 Mar 2026 16:33:17 +0000 x86_64",
		"timestamp":	{
			"time":	"Sun, 05 Apr 2026 01:05:54 GMT",
			"timesecs":	1775351154,
			"timemillisecs":	1775351154569
		},
		"connecting_to":	{
			"host":	"127.0.0.1",
			"port":	8080
		},
		"cookie":	"rr3qeli3qhojpv7d7er5zopl5dtqkuvyvwao",
		"tcp_mss_default":	32768,
		"target_bitrate":	0,
		"fq_rate":	0,
		"sock_bufsize":	0,
		"sndbuf_actual":	16384,
		"rcvbuf_actual":	131072,
		"test_start":	{
			"protocol":	"TCP",
			"num_streams":	1,
			"blksize":	131072,
			"omit":	0,
			"duration":	5,
			"bytes":	0,
			"blocks":	0,
			"reverse":	0,
			"tos":	0,
			"target_bitrate":	0,
			"bidir":	0,
			"fqrate":	0,
			"interval":	1
		}
	},
	"intervals":	[{
			"streams":	[{
					"socket":	5,
					"start":	0,
					"end":	1.000388,
					"seconds":	1.0003880262374878,
					"bytes":	3075211264,
					"bits_per_second":	24592147713.451,
					"retransmits":	0,
					"snd_cwnd":	1833524,
					"snd_wnd":	327680,
					"rtt":	59,
					"rttvar":	15,
					"pmtu":	65535,
					"reorder":	0,
					"omitted":	false,
					"sender":	true
				}],
			"sum":	{
				"start":	0,
				"end":	1.000388,
				"seconds":	1.0003880262374878,
				"bytes":	3075211264,
				"bits_per_second":	24592147713.451,
				"retransmits":	0,
				"omitted":	false,
				"sender":	true
			}
		}, {
			"streams":	[{
					"socket":	5,
					"start":	1.000388,
					"end":	2.00043,
					"seconds":	1.0000419616699219,
					"bytes":	2908749824,
					"bits_per_second":	23269022184.971668,
					"retransmits":	0,
					"snd_cwnd":	1833524,
					"snd_wnd":	387072,
					"rtt":	61,
					"rttvar":	23,
					"pmtu":	65535,
					"reorder":	0,
					"omitted":	false,
					"sender":	true
				}],
			"sum":	{
				"start":	1.000388,
				"end":	2.00043,
				"seconds":	1.0000419616699219,
				"bytes":	2908749824,
				"bits_per_second":	23269022184.971668,
				"retransmits":	0,
				"omitted":	false,
				"sender":	true
			}
		}, {
			"streams":	[{
					"socket":	5,
					"start":	2.00043,
					"end":	3.000385,
					"seconds":	0.99995499849319458,
					"bytes":	2965372928,
					"bits_per_second":	23724051042.044422,
					"retransmits":	0,
					"snd_cwnd":	1833524,
					"snd_wnd":	326656,
					"rtt":	45,
					"rttvar":	18,
					"pmtu":	65535,
					"reorder":	0,
					"omitted":	false,
					"sender":	true
				}],
			"sum":	{
				"start":	2.00043,
				"end":	3.000385,
				"seconds":	0.99995499849319458,
				"bytes":	2965372928,
				"bits_per_second":	23724051042.044422,
				"retransmits":	0,
				"omitted":	false,
				"sender":	true
			}
		}, {
			"streams":	[{
					"socket":	5,
					"start":	3.000385,
					"end":	4.00102,
					"seconds":	1.000635027885437,
					"bytes":	3055550464,
					"bits_per_second":	24428890685.2046,
					"retransmits":	0,
					"snd_cwnd":	1833524,
					"snd_wnd":	387072,
					"rtt":	54,
					"rttvar":	30,
					"pmtu":	65535,
					"reorder":	0,
					"omitted":	false,
					"sender":	true
				}],
			"sum":	{
				"start":	3.000385,
				"end":	4.00102,
				"seconds":	1.000635027885437,
				"bytes":	3055550464,
				"bits_per_second":	24428890685.2046,
				"retransmits":	0,
				"omitted":	false,
				"sender":	true
			}
		}, {
			"streams":	[{
					"socket":	5,
					"start":	4.00102,
					"end":	5.001245,
					"seconds":	1.0002249479293823,
					"bytes":	3046375424,
					"bits_per_second":	24365522418.183712,
					"retransmits":	0,
					"snd_cwnd":	1833524,
					"snd_wnd":	387072,
					"rtt":	65,
					"rttvar":	20,
					"pmtu":	65535,
					"reorder":	0,
					"omitted":	false,
					"sender":	true
				}],
			"sum":	{
				"start":	4.00102,
				"end":	5.001245,
				"seconds":	1.0002249479293823,
				"bytes":	3046375424,
				"bits_per_second":	24365522418.183712,
				"retransmits":	0,
				"omitted":	false,
				"sender":	true
			}
		}],
	"end":	{
		"streams":	[{
				"sender":	{
					"socket":	5,
					"start":	0,
					"end":	5.001245,
					"seconds":	5.001245,
					"bytes":	15056240640,
					"bits_per_second":	24083988110.960373,
					"retransmits":	0,
					"reorder":	0,
					"max_snd_cwnd":	1833524,
					"max_snd_wnd":	387072,
					"max_rtt":	65,
					"min_rtt":	45,
					"mean_rtt":	56,
					"sender":	true
				},
				"receiver":	{
					"socket":	5,
					"start":	0,
					"end":	5.001397,
					"seconds":	5.001245,
					"bytes":	15052177408,
					"bits_per_second":	24076756806.948139,
					"sender":	true
				}
			}],
		"sum_sent":	{
			"start":	0,
			"end":	5.001245,
			"seconds":	5.001245,
			"bytes":	15056240640,
			"bits_per_second":	24083988110.960373,
			"retransmits":	0,
			"sender":	true
		},
		"sum_received":	{
			"start":	0,
			"end":	5.001397,
			"seconds":	5.001397,
			"bytes":	15052177408,
			"bits_per_second":	24076756806.948139,
			"sender":	true
		},
		"cpu_utilization_percent":	{
			"host_total":	47.051135690116624,
			"host_user":	1.1683234540443648,
			"host_system":	45.882792246279045,
			"remote_total":	39.316692009545321,
			"remote_user":	3.6039073020481247,
			"remote_system":	35.7127847074972
		},
		"sender_tcp_congestion":	"cubic",
		"receiver_tcp_congestion":	"cubic"
	}
}
