{
	"start":	{
		"connected":	[{
				"socket":	5,
				"local_host":	"127.0.0.1",
				"local_port":	45470,
				"remote_host":	"127.0.0.1",
				"remote_port":	8080
			}],
		"version":	"iperf 3.20",
		"system_info":	"Linux carbon 6.19.9-arch1-1 #1 SMP PREEMPT_DYNAMIC Thu, 19 Mar 2026 16:33:17 +0000 x86_64",
		"timestamp":	{
			"time":	"Sun, 05 Apr 2026 01:06:36 GMT",
			"timesecs":	1775351196,
			"timemillisecs":	1775351196756
		},
		"connecting_to":	{
			"host":	"127.0.0.1",
			"port":	8080
		},
		"cookie":	"wbkksxode7iqtxwkos7nxckd2hnelofwfivo",
		"tcp_mss_default":	32768,
		"target_bitrate":	0,
		"fq_rate":	0,
		"sock_bufsize":	0,
		"sndbuf_actual":	16384,
		"rcvbuf_actual":	131072,
		"test_start":	{
			"protocol":	"TCP",
			"num_streams":	1,
			"blksize":	131072,
			"omit":	0,
			"duration":	5,
			"bytes":	0,
			"blocks":	0,
			"reverse":	0,
			"tos":	0,
			"target_bitrate":	0,
			"bidir":	0,
			"fqrate":	0,
			"interval":	1
		}
	},
	"intervals":	[{
			"streams":	[{
					"socket":	5,
					"start":	0,
					"end":	1.001027,
					"seconds":	1.00102698802948,
					"bytes":	2831679488,
					"bits_per_second":	22630194964.666489,
					"retransmits":	0,
					"snd_cwnd":	1047728,
					"snd_wnd":	373760,
					"rtt":	38,
					"rttvar":	11,
					"pmtu":	65535,
					"reorder":	0,
					"omitted":	false,
					"sender":	true
				}],
			"sum":	{
				"start":	0,
				"end":	1.001027,
				"seconds":	1.00102698802948,
				"bytes":	2831679488,
				"bits_per_second":	22630194964.666489,
				"retransmits":	0,
				"omitted":	false,
				"sender":	true
			}
		}, {
			"streams":	[{
					"socket":	5,
					"start":	1.001027,
					"end":	2.001081,
					"seconds":	1.0000540018081665,
					"bytes":	2824732672,
					"bits_per_second":	22596641116.521217,
					"retransmits":	0,
					"snd_cwnd":	1047728,
					"snd_wnd":	47104,
					"rtt":	41,
					"rttvar":	9,
					"pmtu":	65535,
					"reorder":	0,
					"omitted":	false,
					"sender":	true
				}],
			"sum":	{
				"start":	1.001027,
				"end":	2.001081,
				"seconds":	1.0000540018081665,
				"bytes":	2824732672,
				"bits_per_second":	22596641116.521217,
				"retransmits":	0,
				"omitted":	false,
				"sender":	true
			}
		}, {
			"streams":	[{
					"socket":	5,
					"start":	2.001081,
					"end":	3.000647,
					"seconds":	0.99956601858139038,
					"bytes":	2746613760,
					"bits_per_second":	21982450054.859322,
					"retransmits":	0,
					"snd_cwnd":	1047728,
					"snd_wnd":	2048,
					"rtt":	43,
					"rttvar":	12,
					"pmtu":	65535,
					"reorder":	0,
					"omitted":	false,
					"sender":	true
				}],
			"sum":	{
				"start":	2.001081,
				"end":	3.000647,
				"seconds":	0.99956601858139038,
				"bytes":	2746613760,
				"bits_per_second":	21982450054.859322,
				"retransmits":	0,
				"omitted":	false,
				"sender":	true
			}
		}, {
			"streams":	[{
					"socket":	5,
					"start":	3.000647,
					"end":	4.000688,
					"seconds":	1.0000410079956055,
					"bytes":	2763259904,
					"bits_per_second":	22105172743.17329,
					"retransmits":	0,
					"snd_cwnd":	1047728,
					"snd_wnd":	0,
					"rtt":	37,
					"rttvar":	5,
					"pmtu":	65535,
					"reorder":	0,
					"omitted":	false,
					"sender":	true
				}],
			"sum":	{
				"start":	3.000647,
				"end":	4.000688,
				"seconds":	1.0000410079956055,
				"bytes":	2763259904,
				"bits_per_second":	22105172743.17329,
				"retransmits":	0,
				"omitted":	false,
				"sender":	true
			}
		}, {
			"streams":	[{
					"socket":	5,
					"start":	4.000688,
					"end":	5.001435,
					"seconds":	1.0007469654083252,
					"bytes":	2751725568,
					"bits_per_second":	21997373267.095463,
					"retransmits":	0,
					"snd_cwnd":	1047728,
					"snd_wnd":	46080,
					"rtt":	36,
					"rttvar":	6,
					"pmtu":	65535,
					"reorder":	0,
					"omitted":	false,
					"sender":	true
				}],
			"sum":	{
				"start":	4.000688,
				"end":	5.001435,
				"seconds":	1.0007469654083252,
				"bytes":	2751725568,
				"bits_per_second":	21997373267.095463,
				"retransmits":	0,
				"omitted":	false,
				"sender":	true
			}
		}],
	"end":	{
		"streams":	[{
				"sender":	{
					"socket":	5,
					"start":	0,
					"end":	5.001435,
					"seconds":	5.001435,
					"bytes":	13922205696,
					"bits_per_second":	22269137871.031013,
					"retransmits":	0,
					"reorder":	0,
					"max_snd_cwnd":	1047728,
					"max_snd_wnd":	373760,
					"max_rtt":	43,
					"min_rtt":	36,
					"mean_rtt":	39,
					"sender":	true
				},
				"receiver":	{
					"socket":	5,
					"start":	0,
					"end":	5.001676,
					"seconds":	5.001435,
					"bytes":	13919715328,
					"bits_per_second":	22264081604.646122,
					"sender":	true
				}
			}],
		"sum_sent":	{
			"start":	0,
			"end":	5.001435,
			"seconds":	5.001435,
			"bytes":	13922205696,
			"bits_per_second":	22269137871.031013,
			"retransmits":	0,
			"sender":	true
		},
		"sum_received":	{
			"start":	0,
			"end":	5.001676,
			"seconds":	5.001676,
			"bytes":	13919715328,
			"bits_per_second":	22264081604.646122,
			"sender":	true
		},
		"cpu_utilization_percent":	{
			"host_total":	42.29807063227716,
			"host_user":	1.1359004798782744,
			"host_system":	41.162170152398879,
			"remote_total":	42.646245273840826,
			"remote_user":	3.88067376521063,
			"remote_system":	38.7655715086302
		},
		"sender_tcp_congestion":	"cubic",
		"receiver_tcp_congestion":	"cubic"
	}
}
