{
	"start":	{
		"connected":	[{
				"socket":	5,
				"local_host":	"127.0.0.1",
				"local_port":	58144,
				"remote_host":	"127.0.0.1",
				"remote_port":	8080
			}],
		"version":	"iperf 3.20",
		"system_info":	"Linux carbon 6.19.9-arch1-1 #1 SMP PREEMPT_DYNAMIC Thu, 19 Mar 2026 16:33:17 +0000 x86_64",
		"timestamp":	{
			"time":	"Sun, 05 Apr 2026 01:06:15 GMT",
			"timesecs":	1775351175,
			"timemillisecs":	1775351175646
		},
		"connecting_to":	{
			"host":	"127.0.0.1",
			"port":	8080
		},
		"cookie":	"5sisdkzqnkxvwbkgfdicsv43dd55mosycdm7",
		"tcp_mss_default":	32768,
		"target_bitrate":	0,
		"fq_rate":	0,
		"sock_bufsize":	0,
		"sndbuf_actual":	16384,
		"rcvbuf_actual":	131072,
		"test_start":	{
			"protocol":	"TCP",
			"num_streams":	1,
			"blksize":	131072,
			"omit":	0,
			"duration":	5,
			"bytes":	0,
			"blocks":	0,
			"reverse":	0,
			"tos":	0,
			"target_bitrate":	0,
			"bidir":	0,
			"fqrate":	0,
			"interval":	1
		}
	},
	"intervals":	[{
			"streams":	[{
					"socket":	5,
					"start":	0,
					"end":	1.000328,
					"seconds":	1.0003279447555542,
					"bytes":	4378853376,
					"bits_per_second":	35019342598.251945,
					"retransmits":	0,
					"snd_cwnd":	1113211,
					"snd_wnd":	0,
					"rtt":	32,
					"rttvar":	6,
					"pmtu":	65535,
					"reorder":	0,
					"omitted":	false,
					"sender":	true
				}],
			"sum":	{
				"start":	0,
				"end":	1.000328,
				"seconds":	1.0003279447555542,
				"bytes":	4378853376,
				"bits_per_second":	35019342598.251945,
				"retransmits":	0,
				"omitted":	false,
				"sender":	true
			}
		}, {
			"streams":	[{
					"socket":	5,
					"start":	1.000328,
					"end":	2.001021,
					"seconds":	1.0006929636001587,
					"bytes":	4319870976,
					"bits_per_second":	34535036284.924385,
					"retransmits":	0,
					"snd_cwnd":	1113211,
					"snd_wnd":	380928,
					"rtt":	31,
					"rttvar":	8,
					"pmtu":	65535,
					"reorder":	0,
					"omitted":	false,
					"sender":	true
				}],
			"sum":	{
				"start":	1.000328,
				"end":	2.001021,
				"seconds":	1.0006929636001587,
				"bytes":	4319870976,
				"bits_per_second":	34535036284.924385,
				"retransmits":	0,
				"omitted":	false,
				"sender":	true
			}
		}, {
			"streams":	[{
					"socket":	5,
					"start":	2.001021,
					"end":	3.000287,
					"seconds":	0.999266028404236,
					"bytes":	4266917888,
					"bits_per_second":	34160415878.954643,
					"retransmits":	0,
					"snd_cwnd":	1113211,
					"snd_wnd":	326656,
					"rtt":	32,
					"rttvar":	9,
					"pmtu":	65535,
					"reorder":	0,
					"omitted":	false,
					"sender":	true
				}],
			"sum":	{
				"start":	2.001021,
				"end":	3.000287,
				"seconds":	0.999266028404236,
				"bytes":	4266917888,
				"bits_per_second":	34160415878.954643,
				"retransmits":	0,
				"omitted":	false,
				"sender":	true
			}
		}, {
			"streams":	[{
					"socket":	5,
					"start":	3.000287,
					"end":	4.000319,
					"seconds":	1.0000319480895996,
					"bytes":	4309778432,
					"bits_per_second":	34477125977.690125,
					"retransmits":	0,
					"snd_cwnd":	1113211,
					"snd_wnd":	0,
					"rtt":	28,
					"rttvar":	6,
					"pmtu":	65535,
					"reorder":	0,
					"omitted":	false,
					"sender":	true
				}],
			"sum":	{
				"start":	3.000287,
				"end":	4.000319,
				"seconds":	1.0000319480895996,
				"bytes":	4309778432,
				"bits_per_second":	34477125977.690125,
				"retransmits":	0,
				"omitted":	false,
				"sender":	true
			}
		}, {
			"streams":	[{
					"socket":	5,
					"start":	4.000319,
					"end":	5.000541,
					"seconds":	1.0002219676971436,
					"bytes":	4274913280,
					"bits_per_second":	34191716783.364212,
					"retransmits":	0,
					"snd_cwnd":	1113211,
					"snd_wnd":	0,
					"rtt":	37,
					"rttvar":	11,
					"pmtu":	65535,
					"reorder":	0,
					"omitted":	false,
					"sender":	true
				}],
			"sum":	{
				"start":	4.000319,
				"end":	5.000541,
				"seconds":	1.0002219676971436,
				"bytes":	4274913280,
				"bits_per_second":	34191716783.364212,
				"retransmits":	0,
				"omitted":	false,
				"sender":	true
			}
		}],
	"end":	{
		"streams":	[{
				"sender":	{
					"socket":	5,
					"start":	0,
					"end":	5.000541,
					"seconds":	5.000541,
					"bytes":	21561344000,
					"bits_per_second":	34494418103.961151,
					"retransmits":	0,
					"reorder":	0,
					"max_snd_cwnd":	1113211,
					"max_snd_wnd":	380928,
					"max_rtt":	37,
					"min_rtt":	28,
					"mean_rtt":	32,
					"sender":	true
				},
				"receiver":	{
					"socket":	5,
					"start":	0,
					"end":	5.00173,
					"seconds":	5.000541,
					"bytes":	21561344000,
					"bits_per_second":	34486218168.5137,
					"sender":	true
				}
			}],
		"sum_sent":	{
			"start":	0,
			"end":	5.000541,
			"seconds":	5.000541,
			"bytes":	21561344000,
			"bits_per_second":	34494418103.961151,
			"retransmits":	0,
			"sender":	true
		},
		"sum_received":	{
			"start":	0,
			"end":	5.00173,
			"seconds":	5.00173,
			"bytes":	21561344000,
			"bits_per_second":	34486218168.5137,
			"sender":	true
		},
		"cpu_utilization_percent":	{
			"host_total":	64.969626890347726,
			"host_user":	1.5592582507983612,
			"host_system":	63.410388631064976,
			"remote_total":	66.457059526108722,
			"remote_user":	4.18326589677428,
			"remote_system":	62.273793629334442
		},
		"sender_tcp_congestion":	"cubic",
		"receiver_tcp_congestion":	"cubic"
	}
}
